measurement_id;device_id;role_id;start_time_iso;end_time_iso;total_time_spent;status
0;1;0;2023-09-29T05:00:00Z;2023-09-29T05:00:00Z;0;STARTED
0;1;0;2023-09-29T05:00:00Z;2023-09-29T05:01:26Z;86;PAUSED
0;1;0;2023-09-29T05:01:26Z;2023-09-29T05:01:32Z;86;CONTINUED
0;1;0;2023-09-29T05:01:32Z;2023-09-29T05:02:32Z;146;PAUSED
0;1;0;2023-09-29T05:02:32Z;2023-09-29T05:03:02Z;146;INTERRUPTED
1;1;0;2023-09-29T05:05:13Z;2023-09-29T05:05:13Z;0;STARTED
1;1;0;2023-09-29T05:05:13Z;2023-09-29T05:08:21Z;188;COMPLETE
2;1;0;2023-09-29T05:11:03Z;2023-09-29T05:11:03Z;0;STARTED
2;1;0;2023-09-29T05:11:03Z;2023-09-29T05:11:28Z;25;PAUSED
2;1;0;2023-09-29T05:11:28Z;2023-09-29T05:11:39Z;25;CONTINUED
2;1;0;2023-09-29T05:11:39Z;2023-09-29T05:12:24Z;70;PAUSED
2;1;0;2023-09-29T05:12:24Z;2023-09-29T05:12:33Z;70;CONTINUED
2;1;0;2023-09-29T05:12:33Z;2023-09-29T05:13:03Z;70;INTERRUPTED
3;1;2;2023-09-29T05:16:22Z;2023-09-29T05:16:22Z;0;STARTED
3;1;2;2023-09-29T05:16:22Z;2023-09-29T05:19:25Z;183;COMPLETE
4;1;0;2023-09-29T05:23:18Z;2023-09-29T05:23:18Z;0;STARTED
4;1;0;2023-09-29T05:23:18Z;2023-09-29T05:26:25Z;187;COMPLETE
5;1;0;2023-09-29T05:26:46Z;2023-09-29T05:26:46Z;0;STARTED
5;1;0;2023-09-29T05:26:46Z;2023-09-29T05:29:54Z;188;COMPLETE
6;1;1;2023-09-29T05:32:25Z;2023-09-29T05:32:25Z;0;STARTED
6;1;1;2023-09-29T05:32:25Z;2023-09-29T05:35:34Z;189;COMPLETE
7;1;2;2023-09-29T05:38:56Z;2023-09-29T05:38:56Z;0;STARTED
7;1;2;2023-09-29T05:38:56Z;2023-09-29T05:41:57Z;181;COMPLETE
8;1;1;2023-09-29T07:52:07Z;2023-09-29T07:52:07Z;0;STARTED
8;1;1;2023-09-29T07:52:07Z;2023-09-29T07:52:12Z;5;PAUSED
8;1;1;2023-09-29T07:52:12Z;2023-09-29T07:52:41Z;5;CONTINUED
8;1;1;2023-09-29T07:52:41Z;2023-09-29T07:52:59Z;23;PAUSED
8;1;1;2023-09-29T07:52:59Z;2023-09-29T07:53:29Z;23;INTERRUPTED
9;1;2;2023-09-29T07:54:12Z;2023-09-29T07:54:12Z;0;STARTED
9;1;2;2023-09-29T07:54:12Z;2023-09-29T07:54:30Z;18;PAUSED
9;1;2;2023-09-29T07:54:30Z;2023-09-29T07:54:40Z;18;CONTINUED
9;1;2;2023-09-29T07:54:40Z;2023-09-29T07:54:51Z;29;PAUSED
9;1;2;2023-09-29T07:54:51Z;2023-09-29T07:54:57Z;29;CONTINUED
9;1;2;2023-09-29T07:54:57Z;2023-09-29T07:55:10Z;42;PAUSED
9;1;2;2023-09-29T07:55:10Z;2023-09-29T07:55:23Z;42;CONTINUED
9;1;2;2023-09-29T07:55:23Z;2023-09-29T07:55:53Z;42;INTERRUPTED
10;1;0;2023-09-29T08:01:48Z;2023-09-29T08:01:48Z;0;STARTED
10;1;0;2023-09-29T08:01:48Z;2023-09-29T08:04:58Z;190;COMPLETE
11;1;0;2023-09-29T08:10:17Z;2023-09-29T08:10:17Z;0;STARTED
11;1;0;2023-09-29T08:10:17Z;2023-09-29T08:13:22Z;185;COMPLETE
12;1;2;2023-09-29T08:16:18Z;2023-09-29T08:16:18Z;0;STARTED
12;1;2;2023-09-29T08:16:18Z;2023-09-29T08:19:22Z;184;COMPLETE
13;1;0;2023-09-30T08:33:02Z;2023-09-30T08:33:02Z;0;STARTED
13;1;0;2023-09-30T08:33:02Z;2023-09-30T08:33:20Z;18;PAUSED
13;1;0;2023-09-30T08:33:20Z;2023-09-30T08:33:41Z;18;CONTINUED
13;1;0;2023-09-30T08:33:41Z;2023-09-30T08:34:18Z;55;PAUSED
13;1;0;2023-09-30T08:34:18Z;2023-09-30T08:34:39Z;55;CONTINUED
13;1;0;2023-09-30T08:34:39Z;2023-09-30T08:35:09Z;55;INTERRUPTED
14;1;0;2023-09-30T08:37:14Z;2023-09-30T08:37:14Z;0;STARTED
14;1;0;2023-09-30T08:37:14Z;2023-09-30T08:37:25Z;11;PAUSED
14;1;0;2023-09-30T08:37:25Z;2023-09-30T08:37:44Z;11;CONTINUED
14;1;0;2023-09-30T08:37:44Z;2023-09-30T08:37:49Z;16;PAUSED
14;1;0;2023-09-30T08:37:49Z;2023-09-30T08:38:01Z;16;CONTINUED
14;1;0;2023-09-30T08:38:01Z;2023-09-30T08:38:08Z;23;PAUSED
14;1;0;2023-09-30T08:38:08Z;2023-09-30T08:38:19Z;23;CONTINUED
14;1;0;2023-09-30T08:38:19Z;2023-09-30T08:38:24Z;28;PAUSED
14;1;0;2023-09-30T08:38:24Z;2023-09-30T08:38:54Z;28;INTERRUPTED
15;1;0;2023-09-30T08:42:58Z;2023-09-30T08:42:58Z;0;STARTED
15;1;0;2023-09-30T08:42:58Z;2023-09-30T08:46:01Z;183;COMPLETE
16;1;0;2023-09-30T08:51:32Z;2023-09-30T08:51:32Z;0;STARTED
16;1;0;2023-09-30T08:51:32Z;2023-09-30T08:54:35Z;183;COMPLETE
17;1;0;2023-09-30T08:59:17Z;2023-09-30T08:59:17Z;0;STARTED
17;1;0;2023-09-30T08:59:17Z;2023-09-30T09:02:22Z;185;COMPLETE
18;1;0;2023-09-30T09:03:12Z;2023-09-30T09:03:12Z;0;STARTED
18;1;0;2023-09-30T09:03:12Z;2023-09-30T09:06:19Z;187;COMPLETE
19;1;2;2023-09-30T09:08:10Z;2023-09-30T09:08:10Z;0;STARTED
19;1;2;2023-09-30T09:08:10Z;2023-09-30T09:08:20Z;10;PAUSED
19;1;2;2023-09-30T09:08:20Z;2023-09-30T09:08:46Z;10;CONTINUED
19;1;2;2023-09-30T09:08:46Z;2023-09-30T09:09:01Z;25;PAUSED
19;1;2;2023-09-30T09:09:01Z;2023-09-30T09:09:20Z;25;CONTINUED
19;1;2;2023-09-30T09:09:20Z;2023-09-30T09:09:39Z;44;PAUSED
19;1;2;2023-09-30T09:09:39Z;2023-09-30T09:09:46Z;44;CONTINUED
19;1;2;2023-09-30T09:09:46Z;2023-09-30T09:10:16Z;44;INTERRUPTED
20;1;2;2023-09-30T09:10:37Z;2023-09-30T09:10:37Z;0;STARTED
20;1;2;2023-09-30T09:10:37Z;2023-09-30T09:13:47Z;190;COMPLETE
21;1;0;2023-09-30T10:41:55Z;2023-09-30T10:41:55Z;0;STARTED
21;1;0;2023-09-30T10:41:55Z;2023-09-30T10:45:04Z;189;COMPLETE
22;1;0;2023-09-30T10:45:58Z;2023-09-30T10:45:58Z;0;STARTED
22;1;0;2023-09-30T10:45:58Z;2023-09-30T10:48:58Z;180;COMPLETE
23;1;1;2023-09-30T10:50:34Z;2023-09-30T10:50:34Z;0;STARTED
23;1;1;2023-09-30T10:50:34Z;2023-09-30T10:53:37Z;183;COMPLETE
24;1;0;2023-09-30T10:56:36Z;2023-09-30T10:56:36Z;0;STARTED
24;1;0;2023-09-30T10:56:36Z;2023-09-30T10:59:42Z;186;COMPLETE
25;1;0;2023-09-30T11:04:42Z;2023-09-30T11:04:42Z;0;STARTED
25;1;0;2023-09-30T11:04:42Z;2023-09-30T11:05:35Z;53;PAUSED
25;1;0;2023-09-30T11:05:35Z;2023-09-30T11:05:41Z;53;CONTINUED
25;1;0;2023-09-30T11:05:41Z;2023-09-30T11:06:11Z;53;INTERRUPTED
26;1;2;2023-09-30T11:07:13Z;2023-09-30T11:07:13Z;0;STARTED
26;1;2;2023-09-30T11:07:13Z;2023-09-30T11:07:23Z;10;PAUSED
26;1;2;2023-09-30T11:07:23Z;2023-09-30T11:07:37Z;10;CONTINUED
26;1;2;2023-09-30T11:07:37Z;2023-09-30T11:08:07Z;10;INTERRUPTED
27;1;2;2023-09-30T11:08:16Z;2023-09-30T11:08:16Z;0;STARTED
27;1;2;2023-09-30T11:08:16Z;2023-09-30T11:11:16Z;180;COMPLETE
28;1;0;2023-10-02T05:00:00Z;2023-10-02T05:00:00Z;0;STARTED
28;1;0;2023-10-02T05:00:00Z;2023-10-02T05:00:16Z;16;PAUSED
28;1;0;2023-10-02T05:00:16Z;2023-10-02T05:00:46Z;16;INTERRUPTED
29;1;2;2023-10-02T05:01:37Z;2023-10-02T05:01:37Z;0;STARTED
29;1;2;2023-10-02T05:01:37Z;2023-10-02T05:04:41Z;184;COMPLETE
30;1;0;2023-10-02T05:05:02Z;2023-10-02T05:05:02Z;0;STARTED
30;1;0;2023-10-02T05:05:02Z;2023-10-02T05:06:59Z;117;PAUSED
30;1;0;2023-10-02T05:06:59Z;2023-10-02T05:07:29Z;117;INTERRUPTED
31;1;0;2023-10-02T05:11:43Z;2023-10-02T05:11:43Z;0;STARTED
31;1;0;2023-10-02T05:11:43Z;2023-10-02T05:14:43Z;180;COMPLETE
32;1;0;2023-10-02T05:17:11Z;2023-10-02T05:17:11Z;0;STARTED
32;1;0;2023-10-02T05:17:11Z;2023-10-02T05:20:16Z;185;COMPLETE
33;1;1;2023-10-02T05:21:47Z;2023-10-02T05:21:47Z;0;STARTED
33;1;1;2023-10-02T05:21:47Z;2023-10-02T05:22:19Z;32;PAUSED
33;1;1;2023-10-02T05:22:19Z;2023-10-02T05:22:29Z;32;CONTINUED
33;1;1;2023-10-02T05:22:29Z;2023-10-02T05:23:06Z;69;PAUSED
33;1;1;2023-10-02T05:23:06Z;2023-10-02T05:23:36Z;69;INTERRUPTED
34;1;1;2023-10-02T05:23:06Z;2023-10-02T05:23:06Z;0;STARTED
34;1;1;2023-10-02T05:23:06Z;2023-10-02T05:24:16Z;70;PAUSED
34;1;1;2023-10-02T05:24:16Z;2023-10-02T05:24:46Z;70;INTERRUPTED
35;1;2;2023-10-02T05:29:47Z;2023-10-02T05:29:47Z;0;STARTED
35;1;2;2023-10-02T05:29:47Z;2023-10-02T05:32:48Z;181;COMPLETE
36;1;1;2023-10-02T07:06:42Z;2023-10-02T07:06:42Z;0;STARTED
36;1;1;2023-10-02T07:06:42Z;2023-10-02T07:07:02Z;20;PAUSED
36;1;1;2023-10-02T07:07:02Z;2023-10-02T07:07:12Z;20;CONTINUED
36;1;1;2023-10-02T07:07:12Z;2023-10-02T07:07:19Z;27;PAUSED
36;1;1;2023-10-02T07:07:19Z;2023-10-02T07:07:49Z;27;INTERRUPTED
37;1;1;2023-10-02T07:07:19Z;2023-10-02T07:07:19Z;0;STARTED
37;1;1;2023-10-02T07:07:19Z;2023-10-02T07:07:24Z;5;PAUSED
37;1;1;2023-10-02T07:07:24Z;2023-10-02T07:07:54Z;5;CONTINUED
37;1;1;2023-10-02T07:07:54Z;2023-10-02T07:07:59Z;10;PAUSED
37;1;1;2023-10-02T07:07:59Z;2023-10-02T07:08:26Z;10;CONTINUED
37;1;1;2023-10-02T07:08:26Z;2023-10-02T07:08:42Z;26;PAUSED
37;1;1;2023-10-02T07:08:42Z;2023-10-02T07:09:09Z;26;CONTINUED
37;1;1;2023-10-02T07:09:09Z;2023-10-02T07:09:14Z;31;PAUSED
37;1;1;2023-10-02T07:09:14Z;2023-10-02T07:09:44Z;31;INTERRUPTED
38;1;1;2023-10-02T07:15:16Z;2023-10-02T07:15:16Z;0;STARTED
38;1;1;2023-10-02T07:15:16Z;2023-10-02T07:18:25Z;189;COMPLETE
39;1;0;2023-10-02T07:22:49Z;2023-10-02T07:22:49Z;0;STARTED
39;1;0;2023-10-02T07:22:49Z;2023-10-02T07:24:22Z;93;PAUSED
39;1;0;2023-10-02T07:24:22Z;2023-10-02T07:24:52Z;93;INTERRUPTED
40;1;2;2023-10-02T07:27:17Z;2023-10-02T07:27:17Z;0;STARTED
40;1;2;2023-10-02T07:27:17Z;2023-10-02T07:28:43Z;86;PAUSED
40;1;2;2023-10-02T07:28:43Z;2023-10-02T07:29:08Z;86;CONTINUED
40;1;2;2023-10-02T07:29:08Z;2023-10-02T07:30:34Z;172;PAUSED
40;1;2;2023-10-02T07:30:34Z;2023-10-02T07:31:04Z;172;INTERRUPTED
41;1;2;2023-10-02T07:36:36Z;2023-10-02T07:36:36Z;0;STARTED
41;1;2;2023-10-02T07:36:36Z;2023-10-02T07:39:36Z;180;COMPLETE
42;1;2;2023-10-02T07:43:47Z;2023-10-02T07:43:47Z;0;STARTED
42;1;2;2023-10-02T07:43:47Z;2023-10-02T07:46:47Z;180;COMPLETE
43;1;0;2023-10-03T10:54:31Z;2023-10-03T10:54:31Z;0;STARTED
43;1;0;2023-10-03T10:54:31Z;2023-10-03T10:54:42Z;11;PAUSED
43;1;0;2023-10-03T10:54:42Z;2023-10-03T10:54:50Z;11;CONTINUED
43;1;0;2023-10-03T10:54:50Z;2023-10-03T10:55:40Z;61;PAUSED
43;1;0;2023-10-03T10:55:40Z;2023-10-03T10:55:45Z;61;CONTINUED
43;1;0;2023-10-03T10:55:45Z;2023-10-03T10:56:15Z;61;INTERRUPTED
44;1;2;2023-10-03T11:01:25Z;2023-10-03T11:01:25Z;0;STARTED
44;1;2;2023-10-03T11:01:25Z;2023-10-03T11:01:30Z;5;PAUSED
44;1;2;2023-10-03T11:01:30Z;2023-10-03T11:02:00Z;5;INTERRUPTED
45;1;2;2023-10-03T11:05:14Z;2023-10-03T11:05:14Z;0;STARTED
45;1;2;2023-10-03T11:05:14Z;2023-10-03T11:06:35Z;81;PAUSED
45;1;2;2023-10-03T11:06:35Z;2023-10-03T11:07:05Z;81;INTERRUPTED
46;1;2;2023-10-03T11:06:35Z;2023-10-03T11:06:35Z;0;STARTED
46;1;2;2023-10-03T11:06:35Z;2023-10-03T11:09:35Z;180;COMPLETE
47;1;0;2023-10-03T11:11:29Z;2023-10-03T11:11:29Z;0;STARTED
47;1;0;2023-10-03T11:11:29Z;2023-10-03T11:14:34Z;185;COMPLETE
48;1;1;2023-10-03T11:15:43Z;2023-10-03T11:15:43Z;0;STARTED
48;1;1;2023-10-03T11:15:43Z;2023-10-03T11:18:45Z;182;COMPLETE
49;1;2;2023-10-03T11:21:09Z;2023-10-03T11:21:09Z;0;STARTED
49;1;2;2023-10-03T11:21:09Z;2023-10-03T11:24:18Z;189;COMPLETE
50;1;0;2023-10-03T13:07:07Z;2023-10-03T13:07:07Z;0;STARTED
50;1;0;2023-10-03T13:07:07Z;2023-10-03T13:08:26Z;79;PAUSED
50;1;0;2023-10-03T13:08:26Z;2023-10-03T13:08:56Z;79;INTERRUPTED
51;1;0;2023-10-03T13:13:49Z;2023-10-03T13:13:49Z;0;STARTED
51;1;0;2023-10-03T13:13:49Z;2023-10-03T13:14:00Z;11;PAUSED
51;1;0;2023-10-03T13:14:00Z;2023-10-03T13:14:24Z;11;CONTINUED
51;1;0;2023-10-03T13:14:24Z;2023-10-03T13:14:29Z;16;PAUSED
51;1;0;2023-10-03T13:14:29Z;2023-10-03T13:14:42Z;16;CONTINUED
51;1;0;2023-10-03T13:14:42Z;2023-10-03T13:14:52Z;26;PAUSED
51;1;0;2023-10-03T13:14:52Z;2023-10-03T13:15:19Z;26;CONTINUED
51;1;0;2023-10-03T13:15:19Z;2023-10-03T13:15:49Z;26;INTERRUPTED
52;1;1;2023-10-03T13:18:00Z;2023-10-03T13:18:00Z;0;STARTED
52;1;1;2023-10-03T13:18:00Z;2023-10-03T13:21:07Z;187;COMPLETE
53;1;2;2023-10-03T13:21:20Z;2023-10-03T13:21:20Z;0;STARTED
53;1;2;2023-10-03T13:21:20Z;2023-10-03T13:24:28Z;188;COMPLETE
54;1;2;2023-10-03T13:25:21Z;2023-10-03T13:25:21Z;0;STARTED
54;1;2;2023-10-03T13:25:21Z;2023-10-03T13:25:41Z;20;PAUSED
54;1;2;2023-10-03T13:25:41Z;2023-10-03T13:25:48Z;20;CONTINUED
54;1;2;2023-10-03T13:25:48Z;2023-10-03T13:26:04Z;36;PAUSED
54;1;2;2023-10-03T13:26:04Z;2023-10-03T13:26:19Z;36;CONTINUED
54;1;2;2023-10-03T13:26:19Z;2023-10-03T13:26:24Z;41;PAUSED
54;1;2;2023-10-03T13:26:24Z;2023-10-03T13:26:46Z;41;CONTINUED
54;1;2;2023-10-03T13:26:46Z;2023-10-03T13:27:16Z;41;INTERRUPTED
55;1;0;2023-10-04T05:00:00Z;2023-10-04T05:00:00Z;0;STARTED
55;1;0;2023-10-04T05:00:00Z;2023-10-04T05:00:20Z;20;PAUSED
55;1;0;2023-10-04T05:00:20Z;2023-10-04T05:00:50Z;20;INTERRUPTED
56;1;2;2023-10-04T05:04:30Z;2023-10-04T05:04:30Z;0;STARTED
56;1;2;2023-10-04T05:04:30Z;2023-10-04T05:07:35Z;185;COMPLETE
57;1;0;2023-10-04T05:08:58Z;2023-10-04T05:08:58Z;0;STARTED
57;1;0;2023-10-04T05:08:58Z;2023-10-04T05:12:05Z;187;COMPLETE
58;1;0;2023-10-04T05:16:05Z;2023-10-04T05:16:05Z;0;STARTED
58;1;0;2023-10-04T05:16:05Z;2023-10-04T05:19:09Z;184;COMPLETE
59;1;0;2023-10-04T05:23:15Z;2023-10-04T05:23:15Z;0;STARTED
59;1;0;2023-10-04T05:23:15Z;2023-10-04T05:24:19Z;64;PAUSED
59;1;0;2023-10-04T05:24:19Z;2023-10-04T05:24:49Z;64;INTERRUPTED
60;1;0;2023-10-04T05:26:17Z;2023-10-04T05:26:17Z;0;STARTED
60;1;0;2023-10-04T05:26:17Z;2023-10-04T05:29:27Z;190;COMPLETE
61;1;2;2023-10-04T05:31:01Z;2023-10-04T05:31:01Z;0;STARTED
61;1;2;2023-10-04T05:31:01Z;2023-10-04T05:31:09Z;8;PAUSED
61;1;2;2023-10-04T05:31:09Z;2023-10-04T05:31:15Z;8;CONTINUED
61;1;2;2023-10-04T05:31:15Z;2023-10-04T05:31:58Z;51;PAUSED
61;1;2;2023-10-04T05:31:58Z;2023-10-04T05:32:28Z;51;INTERRUPTED
62;1;2;2023-10-04T05:32:28Z;2023-10-04T05:32:28Z;0;STARTED
62;1;2;2023-10-04T05:32:28Z;2023-10-04T05:35:38Z;190;COMPLETE
63;1;1;2023-10-04T08:23:17Z;2023-10-04T08:23:17Z;0;STARTED
63;1;1;2023-10-04T08:23:17Z;2023-10-04T08:26:26Z;189;COMPLETE
64;1;0;2023-10-04T08:30:18Z;2023-10-04T08:30:18Z;0;STARTED
64;1;0;2023-10-04T08:30:18Z;2023-10-04T08:33:20Z;182;COMPLETE
65;1;2;2023-10-04T08:36:43Z;2023-10-04T08:36:43Z;0;STARTED
65;1;2;2023-10-04T08:36:43Z;2023-10-04T08:39:43Z;180;COMPLETE
66;1;1;2023-10-04T08:40:38Z;2023-10-04T08:40:38Z;0;STARTED
66;1;1;2023-10-04T08:40:38Z;2023-10-04T08:40:44Z;6;PAUSED
66;1;1;2023-10-04T08:40:44Z;2023-10-04T08:41:04Z;6;CONTINUED
66;1;1;2023-10-04T08:41:04Z;2023-10-04T08:41:23Z;25;PAUSED
66;1;1;2023-10-04T08:41:23Z;2023-10-04T08:41:30Z;25;CONTINUED
66;1;1;2023-10-04T08:41:30Z;2023-10-04T08:42:00Z;25;INTERRUPTED
67;1;2;2023-10-04T08:45:13Z;2023-10-04T08:45:13Z;0;STARTED
67;1;2;2023-10-04T08:45:13Z;2023-10-04T08:45:24Z;11;PAUSED
67;1;2;2023-10-04T08:45:24Z;2023-10-04T08:45:54Z;11;INTERRUPTED
68;1;2;2023-10-04T08:45:24Z;2023-10-04T08:45:24Z;0;STARTED
68;1;2;2023-10-04T08:45:24Z;2023-10-04T08:46:07Z;43;PAUSED
68;1;2;2023-10-04T08:46:07Z;2023-10-04T08:46:19Z;43;CONTINUED
68;1;2;2023-10-04T08:46:19Z;2023-10-04T08:47:02Z;86;PAUSED
68;1;2;2023-10-04T08:47:02Z;2023-10-04T08:47:24Z;86;CONTINUED
68;1;2;2023-10-04T08:47:24Z;2023-10-04T08:47:54Z;86;INTERRUPTED
69;1;1;2023-10-05T05:00:00Z;2023-10-05T05:00:00Z;0;STARTED
69;1;1;2023-10-05T05:00:00Z;2023-10-05T05:03:02Z;182;COMPLETE
70;1;0;2023-10-05T05:03:48Z;2023-10-05T05:03:48Z;0;STARTED
70;1;0;2023-10-05T05:03:48Z;2023-10-05T05:06:58Z;190;COMPLETE
71;1;2;2023-10-05T05:12:13Z;2023-10-05T05:12:13Z;0;STARTED
71;1;2;2023-10-05T05:12:13Z;2023-10-05T05:15:23Z;190;COMPLETE
72;1;2;2023-10-05T05:17:07Z;2023-10-05T05:17:07Z;0;STARTED
72;1;2;2023-10-05T05:17:07Z;2023-10-05T05:20:12Z;185;COMPLETE
73;1;2;2023-10-05T05:20:46Z;2023-10-05T05:20:46Z;0;STARTED
73;1;2;2023-10-05T05:20:46Z;2023-10-05T05:23:54Z;188;COMPLETE
74;1;0;2023-10-06T05:00:00Z;2023-10-06T05:00:00Z;0;STARTED
74;1;0;2023-10-06T05:00:00Z;2023-10-06T05:03:00Z;180;COMPLETE
75;1;2;2023-10-06T05:05:03Z;2023-10-06T05:05:03Z;0;STARTED
75;1;2;2023-10-06T05:05:03Z;2023-10-06T05:05:20Z;17;PAUSED
75;1;2;2023-10-06T05:05:20Z;2023-10-06T05:05:31Z;17;CONTINUED
75;1;2;2023-10-06T05:05:31Z;2023-10-06T05:05:44Z;30;PAUSED
75;1;2;2023-10-06T05:05:44Z;2023-10-06T05:06:03Z;30;CONTINUED
75;1;2;2023-10-06T05:06:03Z;2023-10-06T05:06:08Z;35;PAUSED
75;1;2;2023-10-06T05:06:08Z;2023-10-06T05:06:26Z;35;CONTINUED
75;1;2;2023-10-06T05:06:26Z;2023-10-06T05:06:38Z;47;PAUSED
75;1;2;2023-10-06T05:06:38Z;2023-10-06T05:07:08Z;47;INTERRUPTED
76;1;1;2023-10-06T05:10:20Z;2023-10-06T05:10:20Z;0;STARTED
76;1;1;2023-10-06T05:10:20Z;2023-10-06T05:13:26Z;186;COMPLETE
77;1;1;2023-10-06T05:19:17Z;2023-10-06T05:19:17Z;0;STARTED
77;1;1;2023-10-06T05:19:17Z;2023-10-06T05:19:22Z;5;PAUSED
77;1;1;2023-10-06T05:19:22Z;2023-10-06T05:19:39Z;5;CONTINUED
77;1;1;2023-10-06T05:19:39Z;2023-10-06T05:19:48Z;14;PAUSED
77;1;1;2023-10-06T05:19:48Z;2023-10-06T05:20:03Z;14;CONTINUED
77;1;1;2023-10-06T05:20:03Z;2023-10-06T05:20:08Z;19;PAUSED
77;1;1;2023-10-06T05:20:08Z;2023-10-06T05:20:38Z;19;CONTINUED
77;1;1;2023-10-06T05:20:38Z;2023-10-06T05:20:43Z;24;PAUSED
77;1;1;2023-10-06T05:20:43Z;2023-10-06T05:21:13Z;24;INTERRUPTED
78;1;2;2023-10-06T05:27:12Z;2023-10-06T05:27:12Z;0;STARTED
78;1;2;2023-10-06T05:27:12Z;2023-10-06T05:30:21Z;189;COMPLETE
79;1;1;2023-10-06T05:35:14Z;2023-10-06T05:35:14Z;0;STARTED
79;1;1;2023-10-06T05:35:14Z;2023-10-06T05:35:36Z;22;PAUSED
79;1;1;2023-10-06T05:35:36Z;2023-10-06T05:35:50Z;22;CONTINUED
79;1;1;2023-10-06T05:35:50Z;2023-10-06T05:36:00Z;32;PAUSED
79;1;1;2023-10-06T05:36:00Z;2023-10-06T05:36:18Z;32;CONTINUED
79;1;1;2023-10-06T05:36:18Z;2023-10-06T05:37:02Z;76;PAUSED
79;1;1;2023-10-06T05:37:02Z;2023-10-06T05:37:32Z;76;INTERRUPTED
80;1;0;2023-10-06T05:40:55Z;2023-10-06T05:40:55Z;0;STARTED
80;1;0;2023-10-06T05:40:55Z;2023-10-06T05:44:02Z;187;COMPLETE
81;1;2;2023-10-06T05:49:06Z;2023-10-06T05:49:06Z;0;STARTED
81;1;2;2023-10-06T05:49:06Z;2023-10-06T05:52:14Z;188;COMPLETE
82;1;0;2023-10-07T05:00:00Z;2023-10-07T05:00:00Z;0;STARTED
82;1;0;2023-10-07T05:00:00Z;2023-10-07T05:00:34Z;34;PAUSED
82;1;0;2023-10-07T05:00:34Z;2023-10-07T05:01:04Z;34;INTERRUPTED
83;1;0;2023-10-07T05:02:58Z;2023-10-07T05:02:58Z;0;STARTED
83;1;0;2023-10-07T05:02:58Z;2023-10-07T05:03:06Z;8;PAUSED
83;1;0;2023-10-07T05:03:06Z;2023-10-07T05:03:28Z;8;CONTINUED
83;1;0;2023-10-07T05:03:28Z;2023-10-07T05:03:42Z;22;PAUSED
83;1;0;2023-10-07T05:03:42Z;2023-10-07T05:03:55Z;22;CONTINUED
83;1;0;2023-10-07T05:03:55Z;2023-10-07T05:04:11Z;38;PAUSED
83;1;0;2023-10-07T05:04:11Z;2023-10-07T05:04:21Z;38;CONTINUED
83;1;0;2023-10-07T05:04:21Z;2023-10-07T05:04:51Z;38;INTERRUPTED
84;1;2;2023-10-07T05:09:41Z;2023-10-07T05:09:41Z;0;STARTED
84;1;2;2023-10-07T05:09:41Z;2023-10-07T05:09:56Z;15;PAUSED
84;1;2;2023-10-07T05:09:56Z;2023-10-07T05:10:26Z;15;INTERRUPTED
85;1;2;2023-10-07T05:09:56Z;2023-10-07T05:09:56Z;0;STARTED
85;1;2;2023-10-07T05:09:56Z;2023-10-07T05:10:01Z;5;PAUSED
85;1;2;2023-10-07T05:10:01Z;2023-10-07T05:10:31Z;5;CONTINUED
85;1;2;2023-10-07T05:10:31Z;2023-10-07T05:10:46Z;20;PAUSED
85;1;2;2023-10-07T05:10:46Z;2023-10-07T05:11:16Z;20;CONTINUED
85;1;2;2023-10-07T05:11:16Z;2023-10-07T05:11:27Z;31;PAUSED
85;1;2;2023-10-07T05:11:27Z;2023-10-07T05:11:47Z;31;CONTINUED
85;1;2;2023-10-07T05:11:47Z;2023-10-07T05:11:56Z;40;PAUSED
85;1;2;2023-10-07T05:11:56Z;2023-10-07T05:12:26Z;40;INTERRUPTED
86;1;0;2023-10-07T05:13:44Z;2023-10-07T05:13:44Z;0;STARTED
86;1;0;2023-10-07T05:13:44Z;2023-10-07T05:16:48Z;184;COMPLETE
87;1;1;2023-10-07T05:19:58Z;2023-10-07T05:19:58Z;0;STARTED
87;1;1;2023-10-07T05:19:58Z;2023-10-07T05:21:08Z;70;PAUSED
87;1;1;2023-10-07T05:21:08Z;2023-10-07T05:21:38Z;70;INTERRUPTED
88;1;1;2023-10-07T05:21:38Z;2023-10-07T05:21:38Z;0;STARTED
88;1;1;2023-10-07T05:21:38Z;2023-10-07T05:24:40Z;182;COMPLETE
89;1;0;2023-10-07T05:29:08Z;2023-10-07T05:29:08Z;0;STARTED
89;1;0;2023-10-07T05:29:08Z;2023-10-07T05:29:46Z;38;PAUSED
89;1;0;2023-10-07T05:29:46Z;2023-10-07T05:30:16Z;38;INTERRUPTED
90;1;0;2023-10-07T05:29:46Z;2023-10-07T05:29:46Z;0;STARTED
90;1;0;2023-10-07T05:29:46Z;2023-10-07T05:30:05Z;19;PAUSED
90;1;0;2023-10-07T05:30:05Z;2023-10-07T05:30:14Z;19;CONTINUED
90;1;0;2023-10-07T05:30:14Z;2023-10-07T05:30:32Z;37;PAUSED
90;1;0;2023-10-07T05:30:32Z;2023-10-07T05:31:01Z;37;CONTINUED
90;1;0;2023-10-07T05:31:01Z;2023-10-07T05:31:21Z;57;PAUSED
90;1;0;2023-10-07T05:31:21Z;2023-10-07T05:31:50Z;57;CONTINUED
90;1;0;2023-10-07T05:31:50Z;2023-10-07T05:32:20Z;57;INTERRUPTED
91;1;0;2023-10-07T05:35:13Z;2023-10-07T05:35:13Z;0;STARTED
91;1;0;2023-10-07T05:35:13Z;2023-10-07T05:36:30Z;77;PAUSED
91;1;0;2023-10-07T05:36:30Z;2023-10-07T05:37:00Z;77;INTERRUPTED
92;1;0;2023-10-07T05:37:00Z;2023-10-07T05:37:00Z;0;STARTED
92;1;0;2023-10-07T05:37:00Z;2023-10-07T05:40:10Z;190;COMPLETE
93;1;2;2023-10-07T05:44:00Z;2023-10-07T05:44:00Z;0;STARTED
93;1;2;2023-10-07T05:44:00Z;2023-10-07T05:44:08Z;8;PAUSED
93;1;2;2023-10-07T05:44:08Z;2023-10-07T05:44:27Z;8;CONTINUED
93;1;2;2023-10-07T05:44:27Z;2023-10-07T05:44:37Z;18;PAUSED
93;1;2;2023-10-07T05:44:37Z;2023-10-07T05:45:03Z;18;CONTINUED
93;1;2;2023-10-07T05:45:03Z;2023-10-07T05:45:08Z;23;PAUSED
93;1;2;2023-10-07T05:45:08Z;2023-10-07T05:45:38Z;23;INTERRUPTED
94;1;2;2023-10-07T05:45:38Z;2023-10-07T05:45:38Z;0;STARTED
94;1;2;2023-10-07T05:45:38Z;2023-10-07T05:48:47Z;189;COMPLETE
95;1;1;2023-10-07T10:45:45Z;2023-10-07T10:45:45Z;0;STARTED
95;1;1;2023-10-07T10:45:45Z;2023-10-07T10:46:01Z;16;PAUSED
95;1;1;2023-10-07T10:46:01Z;2023-10-07T10:46:28Z;16;CONTINUED
95;1;1;2023-10-07T10:46:28Z;2023-10-07T10:47:06Z;54;PAUSED
95;1;1;2023-10-07T10:47:06Z;2023-10-07T10:47:30Z;54;CONTINUED
95;1;1;2023-10-07T10:47:30Z;2023-10-07T10:48:00Z;54;INTERRUPTED
96;1;0;2023-10-07T10:52:08Z;2023-10-07T10:52:08Z;0;STARTED
96;1;0;2023-10-07T10:52:08Z;2023-10-07T10:55:10Z;182;COMPLETE
97;1;0;2023-10-07T10:57:07Z;2023-10-07T10:57:07Z;0;STARTED
97;1;0;2023-10-07T10:57:07Z;2023-10-07T11:00:10Z;183;COMPLETE
98;1;2;2023-10-07T11:02:22Z;2023-10-07T11:02:22Z;0;STARTED
98;1;2;2023-10-07T11:02:22Z;2023-10-07T11:02:39Z;17;PAUSED
98;1;2;2023-10-07T11:02:39Z;2023-10-07T11:02:56Z;17;CONTINUED
98;1;2;2023-10-07T11:02:56Z;2023-10-07T11:03:01Z;22;PAUSED
98;1;2;2023-10-07T11:03:01Z;2023-10-07T11:03:22Z;22;CONTINUED
98;1;2;2023-10-07T11:03:22Z;2023-10-07T11:03:27Z;27;PAUSED
98;1;2;2023-10-07T11:03:27Z;2023-10-07T11:03:57Z;27;INTERRUPTED
99;1;2;2023-10-07T11:03:57Z;2023-10-07T11:03:57Z;0;STARTED
99;1;2;2023-10-07T11:03:57Z;2023-10-07T11:07:04Z;187;COMPLETE
100;1;2;2023-10-07T11:10:44Z;2023-10-07T11:10:44Z;0;STARTED
100;1;2;2023-10-07T11:10:44Z;2023-10-07T11:13:52Z;188;COMPLETE
101;1;0;2023-10-07T11:18:02Z;2023-10-07T11:18:02Z;0;STARTED
101;1;0;2023-10-07T11:18:02Z;2023-10-07T11:18:34Z;32;PAUSED
101;1;0;2023-10-07T11:18:34Z;2023-10-07T11:18:39Z;32;CONTINUED
101;1;0;2023-10-07T11:18:39Z;2023-10-07T11:19:25Z;78;PAUSED
101;1;0;2023-10-07T11:19:25Z;2023-10-07T11:19:48Z;78;CONTINUED
101;1;0;2023-10-07T11:19:48Z;2023-10-07T11:20:18Z;78;INTERRUPTED
102;1;2;2023-10-07T11:22:48Z;2023-10-07T11:22:48Z;0;STARTED
102;1;2;2023-10-07T11:22:48Z;2023-10-07T11:22:56Z;8;PAUSED
102;1;2;2023-10-07T11:22:56Z;2023-10-07T11:23:11Z;8;CONTINUED
102;1;2;2023-10-07T11:23:11Z;2023-10-07T11:23:16Z;13;PAUSED
102;1;2;2023-10-07T11:23:16Z;2023-10-07T11:23:39Z;13;CONTINUED
102;1;2;2023-10-07T11:23:39Z;2023-10-07T11:23:44Z;18;PAUSED
102;1;2;2023-10-07T11:23:44Z;2023-10-07T11:23:51Z;18;CONTINUED
102;1;2;2023-10-07T11:23:51Z;2023-10-07T11:24:21Z;18;INTERRUPTED
103;1;0;2023-10-09T10:41:35Z;2023-10-09T10:41:35Z;0;STARTED
103;1;0;2023-10-09T10:41:35Z;2023-10-09T10:44:41Z;186;COMPLETE
104;1;2;2023-10-09T10:46:33Z;2023-10-09T10:46:33Z;0;STARTED
104;1;2;2023-10-09T10:46:33Z;2023-10-09T10:49:37Z;184;COMPLETE
105;1;1;2023-10-09T10:49:42Z;2023-10-09T10:49:42Z;0;STARTED
105;1;1;2023-10-09T10:49:42Z;2023-10-09T10:52:42Z;180;COMPLETE
106;1;0;2023-10-09T10:58:30Z;2023-10-09T10:58:30Z;0;STARTED
106;1;0;2023-10-09T10:58:30Z;2023-10-09T10:59:58Z;88;PAUSED
106;1;0;2023-10-09T10:59:58Z;2023-10-09T11:00:28Z;88;INTERRUPTED
107;1;1;2023-10-09T11:02:44Z;2023-10-09T11:02:44Z;0;STARTED
107;1;1;2023-10-09T11:02:44Z;2023-10-09T11:02:50Z;6;PAUSED
107;1;1;2023-10-09T11:02:50Z;2023-10-09T11:03:05Z;6;CONTINUED
107;1;1;2023-10-09T11:03:05Z;2023-10-09T11:03:54Z;55;PAUSED
107;1;1;2023-10-09T11:03:54Z;2023-10-09T11:04:13Z;55;CONTINUED
107;1;1;2023-10-09T11:04:13Z;2023-10-09T11:04:43Z;55;INTERRUPTED
108;1;2;2023-10-09T11:10:16Z;2023-10-09T11:10:16Z;0;STARTED
108;1;2;2023-10-09T11:10:16Z;2023-10-09T11:13:26Z;190;COMPLETE
109;1;0;2023-10-10T09:05:10Z;2023-10-10T09:05:10Z;0;STARTED
109;1;0;2023-10-10T09:05:10Z;2023-10-10T09:08:13Z;183;COMPLETE
110;1;2;2023-10-10T09:13:36Z;2023-10-10T09:13:36Z;0;STARTED
110;1;2;2023-10-10T09:13:36Z;2023-10-10T09:14:03Z;27;PAUSED
110;1;2;2023-10-10T09:14:03Z;2023-10-10T09:14:21Z;27;CONTINUED
110;1;2;2023-10-10T09:14:21Z;2023-10-10T09:14:37Z;43;PAUSED
110;1;2;2023-10-10T09:14:37Z;2023-10-10T09:15:07Z;43;INTERRUPTED
111;1;1;2023-10-10T09:19:03Z;2023-10-10T09:19:03Z;0;STARTED
111;1;1;2023-10-10T09:19:03Z;2023-10-10T09:22:03Z;180;COMPLETE
112;1;2;2023-10-10T09:22:38Z;2023-10-10T09:22:38Z;0;STARTED
112;1;2;2023-10-10T09:22:38Z;2023-10-10T09:25:45Z;187;COMPLETE
113;1;1;2023-10-10T09:31:27Z;2023-10-10T09:31:27Z;0;STARTED
113;1;1;2023-10-10T09:31:27Z;2023-10-10T09:34:37Z;190;COMPLETE
114;1;0;2023-10-10T09:36:19Z;2023-10-10T09:36:19Z;0;STARTED
114;1;0;2023-10-10T09:36:19Z;2023-10-10T09:36:31Z;12;PAUSED
114;1;0;2023-10-10T09:36:31Z;2023-10-10T09:37:00Z;12;CONTINUED
114;1;0;2023-10-10T09:37:00Z;2023-10-10T09:37:49Z;61;PAUSED
114;1;0;2023-10-10T09:37:49Z;2023-10-10T09:38:02Z;61;CONTINUED
114;1;0;2023-10-10T09:38:02Z;2023-10-10T09:38:32Z;61;INTERRUPTED
115;1;0;2023-10-10T09:42:55Z;2023-10-10T09:42:55Z;0;STARTED
115;1;0;2023-10-10T09:42:55Z;2023-10-10T09:45:55Z;180;COMPLETE
116;1;2;2023-10-10T09:49:17Z;2023-10-10T09:49:17Z;0;STARTED
116;1;2;2023-10-10T09:49:17Z;2023-10-10T09:50:30Z;73;PAUSED
116;1;2;2023-10-10T09:50:30Z;2023-10-10T09:50:55Z;73;CONTINUED
116;1;2;2023-10-10T09:50:55Z;2023-10-10T09:51:26Z;104;PAUSED
116;1;2;2023-10-10T09:51:26Z;2023-10-10T09:51:56Z;104;INTERRUPTED
117;1;1;2023-10-10T10:46:38Z;2023-10-10T10:46:38Z;0;STARTED
117;1;1;2023-10-10T10:46:38Z;2023-10-10T10:47:49Z;71;PAUSED
117;1;1;2023-10-10T10:47:49Z;2023-10-10T10:48:18Z;71;CONTINUED
117;1;1;2023-10-10T10:48:18Z;2023-10-10T10:48:48Z;71;INTERRUPTED
118;1;0;2023-10-10T10:52:47Z;2023-10-10T10:52:47Z;0;STARTED
118;1;0;2023-10-10T10:52:47Z;2023-10-10T10:52:53Z;6;PAUSED
118;1;0;2023-10-10T10:52:53Z;2023-10-10T10:53:21Z;6;CONTINUED
118;1;0;2023-10-10T10:53:21Z;2023-10-10T10:53:51Z;6;INTERRUPTED
119;1;2;2023-10-10T10:56:58Z;2023-10-10T10:56:58Z;0;STARTED
119;1;2;2023-10-10T10:56:58Z;2023-10-10T10:57:42Z;44;PAUSED
119;1;2;2023-10-10T10:57:42Z;2023-10-10T10:58:12Z;44;INTERRUPTED
120;1;2;2023-10-10T10:57:42Z;2023-10-10T10:57:42Z;0;STARTED
120;1;2;2023-10-10T10:57:42Z;2023-10-10T10:58:00Z;18;PAUSED
120;1;2;2023-10-10T10:58:00Z;2023-10-10T10:58:12Z;18;CONTINUED
120;1;2;2023-10-10T10:58:12Z;2023-10-10T10:58:20Z;26;PAUSED
120;1;2;2023-10-10T10:58:20Z;2023-10-10T10:58:46Z;26;CONTINUED
120;1;2;2023-10-10T10:58:46Z;2023-10-10T10:59:04Z;44;PAUSED
120;1;2;2023-10-10T10:59:04Z;2023-10-10T10:59:29Z;44;CONTINUED
120;1;2;2023-10-10T10:59:29Z;2023-10-10T10:59:59Z;44;INTERRUPTED
121;1;1;2023-10-10T11:04:03Z;2023-10-10T11:04:03Z;0;STARTED
121;1;1;2023-10-10T11:04:03Z;2023-10-10T11:07:05Z;182;COMPLETE
122;1;2;2023-10-10T11:08:38Z;2023-10-10T11:08:38Z;0;STARTED
122;1;2;2023-10-10T11:08:38Z;2023-10-10T11:11:39Z;181;COMPLETE
123;1;1;2023-10-10T14:13:13Z;2023-10-10T14:13:13Z;0;STARTED
123;1;1;2023-10-10T14:13:13Z;2023-10-10T14:16:20Z;187;COMPLETE
124;1;2;2023-10-10T14:18:44Z;2023-10-10T14:18:44Z;0;STARTED
124;1;2;2023-10-10T14:18:44Z;2023-10-10T14:21:44Z;180;COMPLETE
125;1;0;2023-10-10T14:22:49Z;2023-10-10T14:22:49Z;0;STARTED
125;1;0;2023-10-10T14:22:49Z;2023-10-10T14:23:07Z;18;PAUSED
125;1;0;2023-10-10T14:23:07Z;2023-10-10T14:23:17Z;18;CONTINUED
125;1;0;2023-10-10T14:23:17Z;2023-10-10T14:23:22Z;23;PAUSED
125;1;0;2023-10-10T14:23:22Z;2023-10-10T14:23:49Z;23;CONTINUED
125;1;0;2023-10-10T14:23:49Z;2023-10-10T14:24:00Z;34;PAUSED
125;1;0;2023-10-10T14:24:00Z;2023-10-10T14:24:16Z;34;CONTINUED
125;1;0;2023-10-10T14:24:16Z;2023-10-10T14:24:21Z;39;PAUSED
125;1;0;2023-10-10T14:24:21Z;2023-10-10T14:24:51Z;39;INTERRUPTED
126;1;2;2023-10-10T14:28:05Z;2023-10-10T14:28:05Z;0;STARTED
126;1;2;2023-10-10T14:28:05Z;2023-10-10T14:29:15Z;70;PAUSED
126;1;2;2023-10-10T14:29:15Z;2023-10-10T14:29:23Z;70;CONTINUED
126;1;2;2023-10-10T14:29:23Z;2023-10-10T14:29:53Z;70;INTERRUPTED
127;1;2;2023-10-10T14:32:46Z;2023-10-10T14:32:46Z;0;STARTED
127;1;2;2023-10-10T14:32:46Z;2023-10-10T14:32:58Z;12;PAUSED
127;1;2;2023-10-10T14:32:58Z;2023-10-10T14:33:27Z;12;CONTINUED
127;1;2;2023-10-10T14:33:27Z;2023-10-10T14:33:32Z;17;PAUSED
127;1;2;2023-10-10T14:33:32Z;2023-10-10T14:34:02Z;17;CONTINUED
127;1;2;2023-10-10T14:34:02Z;2023-10-10T14:34:12Z;27;PAUSED
127;1;2;2023-10-10T14:34:12Z;2023-10-10T14:34:26Z;27;CONTINUED
127;1;2;2023-10-10T14:34:26Z;2023-10-10T14:34:56Z;27;INTERRUPTED
128;1;0;2023-10-11T08:01:02Z;2023-10-11T08:01:02Z;0;STARTED
128;1;0;2023-10-11T08:01:02Z;2023-10-11T08:04:10Z;188;COMPLETE
129;1;2;2023-10-11T08:07:19Z;2023-10-11T08:07:19Z;0;STARTED
129;1;2;2023-10-11T08:07:19Z;2023-10-11T08:07:27Z;8;PAUSED
129;1;2;2023-10-11T08:07:27Z;2023-10-11T08:07:50Z;8;CONTINUED
129;1;2;2023-10-11T08:07:50Z;2023-10-11T08:07:55Z;13;PAUSED
129;1;2;2023-10-11T08:07:55Z;2023-10-11T08:08:09Z;13;CONTINUED
129;1;2;2023-10-11T08:08:09Z;2023-10-11T08:08:14Z;18;PAUSED
129;1;2;2023-10-11T08:08:14Z;2023-10-11T08:08:44Z;18;INTERRUPTED
130;1;2;2023-10-11T08:08:14Z;2023-10-11T08:08:14Z;0;STARTED
130;1;2;2023-10-11T08:08:14Z;2023-10-11T08:08:19Z;5;PAUSED
130;1;2;2023-10-11T08:08:19Z;2023-10-11T08:08:49Z;5;CONTINUED
130;1;2;2023-10-11T08:08:49Z;2023-10-11T08:08:54Z;10;PAUSED
130;1;2;2023-10-11T08:08:54Z;2023-10-11T08:09:11Z;10;CONTINUED
130;1;2;2023-10-11T08:09:11Z;2023-10-11T08:09:17Z;16;PAUSED
130;1;2;2023-10-11T08:09:17Z;2023-10-11T08:09:39Z;16;CONTINUED
130;1;2;2023-10-11T08:09:39Z;2023-10-11T08:10:09Z;16;INTERRUPTED
131;1;0;2023-10-11T08:10:28Z;2023-10-11T08:10:28Z;0;STARTED
131;1;0;2023-10-11T08:10:28Z;2023-10-11T08:13:38Z;190;COMPLETE
132;1;0;2023-10-11T08:17:12Z;2023-10-11T08:17:12Z;0;STARTED
132;1;0;2023-10-11T08:17:12Z;2023-10-11T08:20:14Z;182;COMPLETE
133;1;2;2023-10-11T08:21:20Z;2023-10-11T08:21:20Z;0;STARTED
133;1;2;2023-10-11T08:21:20Z;2023-10-11T08:21:43Z;23;PAUSED
133;1;2;2023-10-11T08:21:43Z;2023-10-11T08:21:54Z;23;CONTINUED
133;1;2;2023-10-11T08:21:54Z;2023-10-11T08:22:12Z;41;PAUSED
133;1;2;2023-10-11T08:22:12Z;2023-10-11T08:22:17Z;41;CONTINUED
133;1;2;2023-10-11T08:22:17Z;2023-10-11T08:22:47Z;41;INTERRUPTED
134;1;0;2023-10-11T12:51:21Z;2023-10-11T12:51:21Z;0;STARTED
134;1;0;2023-10-11T12:51:21Z;2023-10-11T12:52:48Z;87;PAUSED
134;1;0;2023-10-11T12:52:48Z;2023-10-11T12:52:54Z;87;CONTINUED
134;1;0;2023-10-11T12:52:54Z;2023-10-11T12:53:24Z;87;INTERRUPTED
135;1;0;2023-10-11T12:55:52Z;2023-10-11T12:55:52Z;0;STARTED
135;1;0;2023-10-11T12:55:52Z;2023-10-11T12:58:55Z;183;COMPLETE
136;1;2;2023-10-11T13:02:29Z;2023-10-11T13:02:29Z;0;STARTED
136;1;2;2023-10-11T13:02:29Z;2023-10-11T13:05:35Z;186;COMPLETE
137;1;2;2023-10-11T13:06:23Z;2023-10-11T13:06:23Z;0;STARTED
137;1;2;2023-10-11T13:06:23Z;2023-10-11T13:06:35Z;12;PAUSED
137;1;2;2023-10-11T13:06:35Z;2023-10-11T13:07:05Z;12;INTERRUPTED
138;1;2;2023-10-11T13:07:05Z;2023-10-11T13:07:05Z;0;STARTED
138;1;2;2023-10-11T13:07:05Z;2023-10-11T13:10:08Z;183;COMPLETE
139;1;2;2023-10-11T13:13:58Z;2023-10-11T13:13:58Z;0;STARTED
139;1;2;2023-10-11T13:13:58Z;2023-10-11T13:17:03Z;185;COMPLETE
140;1;0;2023-10-12T05:00:00Z;2023-10-12T05:00:00Z;0;STARTED
140;1;0;2023-10-12T05:00:00Z;2023-10-12T05:00:54Z;54;PAUSED
140;1;0;2023-10-12T05:00:54Z;2023-10-12T05:01:18Z;54;CONTINUED
140;1;0;2023-10-12T05:01:18Z;2023-10-12T05:02:00Z;96;PAUSED
140;1;0;2023-10-12T05:02:00Z;2023-10-12T05:02:30Z;96;INTERRUPTED
141;1;2;2023-10-12T05:08:18Z;2023-10-12T05:08:18Z;0;STARTED
141;1;2;2023-10-12T05:08:18Z;2023-10-12T05:11:24Z;186;COMPLETE
142;1;0;2023-10-12T05:15:50Z;2023-10-12T05:15:50Z;0;STARTED
142;1;0;2023-10-12T05:15:50Z;2023-10-12T05:18:53Z;183;COMPLETE
143;1;0;2023-10-12T05:19:32Z;2023-10-12T05:19:32Z;0;STARTED
143;1;0;2023-10-12T05:19:32Z;2023-10-12T05:22:39Z;187;COMPLETE
144;1;2;2023-10-12T05:27:20Z;2023-10-12T05:27:20Z;0;STARTED
144;1;2;2023-10-12T05:27:20Z;2023-10-12T05:30:21Z;181;COMPLETE
145;1;0;2023-10-12T05:34:57Z;2023-10-12T05:34:57Z;0;STARTED
145;1;0;2023-10-12T05:34:57Z;2023-10-12T05:37:59Z;182;COMPLETE
146;1;2;2023-10-12T05:38:42Z;2023-10-12T05:38:42Z;0;STARTED
146;1;2;2023-10-12T05:38:42Z;2023-10-12T05:41:50Z;188;COMPLETE
147;1;0;2023-10-12T08:12:35Z;2023-10-12T08:12:35Z;0;STARTED
147;1;0;2023-10-12T08:12:35Z;2023-10-12T08:15:40Z;185;COMPLETE
148;1;2;2023-10-12T08:16:25Z;2023-10-12T08:16:25Z;0;STARTED
148;1;2;2023-10-12T08:16:25Z;2023-10-12T08:19:29Z;184;COMPLETE
149;1;1;2023-10-12T08:19:56Z;2023-10-12T08:19:56Z;0;STARTED
149;1;1;2023-10-12T08:19:56Z;2023-10-12T08:22:59Z;183;COMPLETE
150;1;0;2023-10-12T08:25:47Z;2023-10-12T08:25:47Z;0;STARTED
150;1;0;2023-10-12T08:25:47Z;2023-10-12T08:28:56Z;189;COMPLETE
151;1;0;2023-10-12T08:29:11Z;2023-10-12T08:29:11Z;0;STARTED
151;1;0;2023-10-12T08:29:11Z;2023-10-12T08:29:57Z;46;PAUSED
151;1;0;2023-10-12T08:29:57Z;2023-10-12T08:30:10Z;46;CONTINUED
151;1;0;2023-10-12T08:30:10Z;2023-10-12T08:30:49Z;85;PAUSED
151;1;0;2023-10-12T08:30:49Z;2023-10-12T08:31:06Z;85;CONTINUED
151;1;0;2023-10-12T08:31:06Z;2023-10-12T08:31:36Z;85;INTERRUPTED
152;1;1;2023-10-12T08:33:08Z;2023-10-12T08:33:08Z;0;STARTED
152;1;1;2023-10-12T08:33:08Z;2023-10-12T08:36:13Z;185;COMPLETE
153;1;0;2023-10-12T08:36:38Z;2023-10-12T08:36:38Z;0;STARTED
153;1;0;2023-10-12T08:36:38Z;2023-10-12T08:37:06Z;28;PAUSED
153;1;0;2023-10-12T08:37:06Z;2023-10-12T08:37:11Z;28;CONTINUED
153;1;0;2023-10-12T08:37:11Z;2023-10-12T08:37:16Z;33;PAUSED
153;1;0;2023-10-12T08:37:16Z;2023-10-12T08:37:44Z;33;CONTINUED
153;1;0;2023-10-12T08:37:44Z;2023-10-12T08:38:10Z;59;PAUSED
153;1;0;2023-10-12T08:38:10Z;2023-10-12T08:38:40Z;59;INTERRUPTED
154;1;2;2023-10-12T08:41:36Z;2023-10-12T08:41:36Z;0;STARTED
154;1;2;2023-10-12T08:41:36Z;2023-10-12T08:44:36Z;180;COMPLETE
155;1;0;2023-10-12T10:17:05Z;2023-10-12T10:17:05Z;0;STARTED
155;1;0;2023-10-12T10:17:05Z;2023-10-12T10:17:54Z;49;PAUSED
155;1;0;2023-10-12T10:17:54Z;2023-10-12T10:18:24Z;49;INTERRUPTED
156;1;0;2023-10-12T10:18:24Z;2023-10-12T10:18:24Z;0;STARTED
156;1;0;2023-10-12T10:18:24Z;2023-10-12T10:21:24Z;180;COMPLETE
157;1;1;2023-10-12T10:26:31Z;2023-10-12T10:26:31Z;0;STARTED
157;1;1;2023-10-12T10:26:31Z;2023-10-12T10:29:36Z;185;COMPLETE
158;1;2;2023-10-12T10:35:21Z;2023-10-12T10:35:21Z;0;STARTED
158;1;2;2023-10-12T10:35:21Z;2023-10-12T10:36:43Z;82;PAUSED
158;1;2;2023-10-12T10:36:43Z;2023-10-12T10:37:13Z;82;INTERRUPTED
159;1;2;2023-10-12T10:36:43Z;2023-10-12T10:36:43Z;0;STARTED
159;1;2;2023-10-12T10:36:43Z;2023-10-12T10:37:45Z;62;PAUSED
159;1;2;2023-10-12T10:37:45Z;2023-10-12T10:38:15Z;62;INTERRUPTED
160;1;2;2023-10-12T10:43:19Z;2023-10-12T10:43:19Z;0;STARTED
160;1;2;2023-10-12T10:43:19Z;2023-10-12T10:46:28Z;189;COMPLETE
161;1;2;2023-10-12T10:50:14Z;2023-10-12T10:50:14Z;0;STARTED
161;1;2;2023-10-12T10:50:14Z;2023-10-12T10:53:21Z;187;COMPLETE
162;1;0;2023-10-13T05:00:00Z;2023-10-13T05:00:00Z;0;STARTED
162;1;0;2023-10-13T05:00:00Z;2023-10-13T05:03:10Z;190;COMPLETE
163;1;2;2023-10-13T05:05:12Z;2023-10-13T05:05:12Z;0;STARTED
163;1;2;2023-10-13T05:05:12Z;2023-10-13T05:08:21Z;189;COMPLETE
164;1;0;2023-10-13T05:09:45Z;2023-10-13T05:09:45Z;0;STARTED
164;1;0;2023-10-13T05:09:45Z;2023-10-13T05:09:54Z;9;PAUSED
164;1;0;2023-10-13T05:09:54Z;2023-10-13T05:10:20Z;9;CONTINUED
164;1;0;2023-10-13T05:10:20Z;2023-10-13T05:10:25Z;14;PAUSED
164;1;0;2023-10-13T05:10:25Z;2023-10-13T05:10:38Z;14;CONTINUED
164;1;0;2023-10-13T05:10:38Z;2023-10-13T05:10:54Z;30;PAUSED
164;1;0;2023-10-13T05:10:54Z;2023-10-13T05:11:24Z;30;INTERRUPTED
165;1;1;2023-10-13T05:17:07Z;2023-10-13T05:17:07Z;0;STARTED
165;1;1;2023-10-13T05:17:07Z;2023-10-13T05:20:14Z;187;COMPLETE
166;1;2;2023-10-13T05:21:12Z;2023-10-13T05:21:12Z;0;STARTED
166;1;2;2023-10-13T05:21:12Z;2023-10-13T05:24:16Z;184;COMPLETE
167;1;0;2023-10-13T09:52:54Z;2023-10-13T09:52:54Z;0;STARTED
167;1;0;2023-10-13T09:52:54Z;2023-10-13T09:54:29Z;95;PAUSED
167;1;0;2023-10-13T09:54:29Z;2023-10-13T09:54:59Z;95;INTERRUPTED
168;1;0;2023-10-13T09:57:03Z;2023-10-13T09:57:03Z;0;STARTED
168;1;0;2023-10-13T09:57:03Z;2023-10-13T09:57:08Z;5;PAUSED
168;1;0;2023-10-13T09:57:08Z;2023-10-13T09:57:38Z;5;CONTINUED
168;1;0;2023-10-13T09:57:38Z;2023-10-13T09:57:50Z;17;PAUSED
168;1;0;2023-10-13T09:57:50Z;2023-10-13T09:58:04Z;17;CONTINUED
168;1;0;2023-10-13T09:58:04Z;2023-10-13T09:58:16Z;29;PAUSED
168;1;0;2023-10-13T09:58:16Z;2023-10-13T09:58:46Z;29;INTERRUPTED
169;1;0;2023-10-13T09:58:16Z;2023-10-13T09:58:16Z;0;STARTED
169;1;0;2023-10-13T09:58:16Z;2023-10-13T09:58:24Z;8;PAUSED
169;1;0;2023-10-13T09:58:24Z;2023-10-13T09:58:36Z;8;CONTINUED
169;1;0;2023-10-13T09:58:36Z;2023-10-13T09:58:56Z;28;PAUSED
169;1;0;2023-10-13T09:58:56Z;2023-10-13T09:59:18Z;28;CONTINUED
169;1;0;2023-10-13T09:59:18Z;2023-10-13T09:59:23Z;33;PAUSED
169;1;0;2023-10-13T09:59:23Z;2023-10-13T09:59:33Z;33;CONTINUED
169;1;0;2023-10-13T09:59:33Z;2023-10-13T09:59:41Z;41;PAUSED
169;1;0;2023-10-13T09:59:41Z;2023-10-13T10:00:11Z;41;INTERRUPTED
170;1;2;2023-10-13T10:01:16Z;2023-10-13T10:01:16Z;0;STARTED
170;1;2;2023-10-13T10:01:16Z;2023-10-13T10:04:16Z;180;COMPLETE
171;1;2;2023-10-13T10:05:05Z;2023-10-13T10:05:05Z;0;STARTED
171;1;2;2023-10-13T10:05:05Z;2023-10-13T10:08:07Z;182;COMPLETE
172;1;2;2023-10-13T10:10:01Z;2023-10-13T10:10:01Z;0;STARTED
172;1;2;2023-10-13T10:10:01Z;2023-10-13T10:13:06Z;185;COMPLETE
173;1;0;2023-10-13T12:11:28Z;2023-10-13T12:11:28Z;0;STARTED
173;1;0;2023-10-13T12:11:28Z;2023-10-13T12:14:31Z;183;COMPLETE
174;1;2;2023-10-13T12:16:46Z;2023-10-13T12:16:46Z;0;STARTED
174;1;2;2023-10-13T12:16:46Z;2023-10-13T12:19:51Z;185;COMPLETE
175;1;2;2023-10-13T12:24:02Z;2023-10-13T12:24:02Z;0;STARTED
175;1;2;2023-10-13T12:24:02Z;2023-10-13T12:27:03Z;181;COMPLETE
176;1;0;2023-10-13T12:31:25Z;2023-10-13T12:31:25Z;0;STARTED
176;1;0;2023-10-13T12:31:25Z;2023-10-13T12:34:30Z;185;COMPLETE
177;1;0;2023-10-13T12:36:54Z;2023-10-13T12:36:54Z;0;STARTED
177;1;0;2023-10-13T12:36:54Z;2023-10-13T12:37:02Z;8;PAUSED
177;1;0;2023-10-13T12:37:02Z;2023-10-13T12:37:15Z;8;CONTINUED
177;1;0;2023-10-13T12:37:15Z;2023-10-13T12:37:20Z;13;PAUSED
177;1;0;2023-10-13T12:37:20Z;2023-10-13T12:37:28Z;13;CONTINUED
177;1;0;2023-10-13T12:37:28Z;2023-10-13T12:37:46Z;31;PAUSED
177;1;0;2023-10-13T12:37:46Z;2023-10-13T12:38:10Z;31;CONTINUED
177;1;0;2023-10-13T12:38:10Z;2023-10-13T12:38:16Z;37;PAUSED
177;1;0;2023-10-13T12:38:16Z;2023-10-13T12:38:46Z;37;INTERRUPTED
178;1;2;2023-10-13T12:41:14Z;2023-10-13T12:41:14Z;0;STARTED
178;1;2;2023-10-13T12:41:14Z;2023-10-13T12:44:19Z;185;COMPLETE
179;1;0;2023-10-14T07:17:08Z;2023-10-14T07:17:08Z;0;STARTED
179;1;0;2023-10-14T07:17:08Z;2023-10-14T07:20:12Z;184;COMPLETE
180;1;0;2023-10-14T07:24:57Z;2023-10-14T07:24:57Z;0;STARTED
180;1;0;2023-10-14T07:24:57Z;2023-10-14T07:25:02Z;5;PAUSED
180;1;0;2023-10-14T07:25:02Z;2023-10-14T07:25:16Z;5;CONTINUED
180;1;0;2023-10-14T07:25:16Z;2023-10-14T07:25:31Z;20;PAUSED
180;1;0;2023-10-14T07:25:31Z;2023-10-14T07:25:46Z;20;CONTINUED
180;1;0;2023-10-14T07:25:46Z;2023-10-14T07:25:51Z;25;PAUSED
180;1;0;2023-10-14T07:25:51Z;2023-10-14T07:26:07Z;25;CONTINUED
180;1;0;2023-10-14T07:26:07Z;2023-10-14T07:26:26Z;44;PAUSED
180;1;0;2023-10-14T07:26:26Z;2023-10-14T07:26:56Z;44;INTERRUPTED
181;1;2;2023-10-14T07:32:15Z;2023-10-14T07:32:15Z;0;STARTED
181;1;2;2023-10-14T07:32:15Z;2023-10-14T07:32:25Z;10;PAUSED
181;1;2;2023-10-14T07:32:25Z;2023-10-14T07:32:55Z;10;INTERRUPTED
182;1;0;2023-10-14T07:33:37Z;2023-10-14T07:33:37Z;0;STARTED
182;1;0;2023-10-14T07:33:37Z;2023-10-14T07:36:44Z;187;COMPLETE
183;1;0;2023-10-14T07:41:14Z;2023-10-14T07:41:14Z;0;STARTED
183;1;0;2023-10-14T07:41:14Z;2023-10-14T07:44:18Z;184;COMPLETE
184;1;1;2023-10-14T07:44:50Z;2023-10-14T07:44:50Z;0;STARTED
184;1;1;2023-10-14T07:44:50Z;2023-10-14T07:48:00Z;190;COMPLETE
185;1;0;2023-10-14T07:50:26Z;2023-10-14T07:50:26Z;0;STARTED
185;1;0;2023-10-14T07:50:26Z;2023-10-14T07:50:45Z;19;PAUSED
185;1;0;2023-10-14T07:50:45Z;2023-10-14T07:51:00Z;19;CONTINUED
185;1;0;2023-10-14T07:51:00Z;2023-10-14T07:51:15Z;34;PAUSED
185;1;0;2023-10-14T07:51:15Z;2023-10-14T07:51:28Z;34;CONTINUED
185;1;0;2023-10-14T07:51:28Z;2023-10-14T07:51:58Z;34;INTERRUPTED
186;1;2;2023-10-14T07:54:33Z;2023-10-14T07:54:33Z;0;STARTED
186;1;2;2023-10-14T07:54:33Z;2023-10-14T07:57:42Z;189;COMPLETE
187;1;0;2023-10-14T10:03:47Z;2023-10-14T10:03:47Z;0;STARTED
187;1;0;2023-10-14T10:03:47Z;2023-10-14T10:06:54Z;187;COMPLETE
188;1;2;2023-10-14T10:12:00Z;2023-10-14T10:12:00Z;0;STARTED
188;1;2;2023-10-14T10:12:00Z;2023-10-14T10:15:09Z;189;COMPLETE
189;1;0;2023-10-14T10:18:47Z;2023-10-14T10:18:47Z;0;STARTED
189;1;0;2023-10-14T10:18:47Z;2023-10-14T10:21:56Z;189;COMPLETE
190;1;0;2023-10-14T10:22:30Z;2023-10-14T10:22:30Z;0;STARTED
190;1;0;2023-10-14T10:22:30Z;2023-10-14T10:25:36Z;186;COMPLETE
191;1;2;2023-10-14T10:31:16Z;2023-10-14T10:31:16Z;0;STARTED
191;1;2;2023-10-14T10:31:16Z;2023-10-14T10:34:22Z;186;COMPLETE
192;1;0;2023-10-17T05:00:00Z;2023-10-17T05:00:00Z;0;STARTED
192;1;0;2023-10-17T05:00:00Z;2023-10-17T05:00:09Z;9;PAUSED
192;1;0;2023-10-17T05:00:09Z;2023-10-17T05:00:15Z;9;CONTINUED
192;1;0;2023-10-17T05:00:15Z;2023-10-17T05:00:51Z;45;PAUSED
192;1;0;2023-10-17T05:00:51Z;2023-10-17T05:01:06Z;45;CONTINUED
192;1;0;2023-10-17T05:01:06Z;2023-10-17T05:01:53Z;92;PAUSED
192;1;0;2023-10-17T05:01:53Z;2023-10-17T05:02:23Z;92;INTERRUPTED
193;1;2;2023-10-17T05:03:32Z;2023-10-17T05:03:32Z;0;STARTED
193;1;2;2023-10-17T05:03:32Z;2023-10-17T05:06:33Z;181;COMPLETE
194;1;0;2023-10-17T05:12:08Z;2023-10-17T05:12:08Z;0;STARTED
194;1;0;2023-10-17T05:12:08Z;2023-10-17T05:15:12Z;184;COMPLETE
195;1;1;2023-10-17T05:15:25Z;2023-10-17T05:15:25Z;0;STARTED
195;1;1;2023-10-17T05:15:25Z;2023-10-17T05:15:30Z;5;PAUSED
195;1;1;2023-10-17T05:15:30Z;2023-10-17T05:15:42Z;5;CONTINUED
195;1;1;2023-10-17T05:15:42Z;2023-10-17T05:15:55Z;18;PAUSED
195;1;1;2023-10-17T05:15:55Z;2023-10-17T05:16:25Z;18;INTERRUPTED
196;1;1;2023-10-17T05:15:55Z;2023-10-17T05:15:55Z;0;STARTED
196;1;1;2023-10-17T05:15:55Z;2023-10-17T05:19:04Z;189;COMPLETE
197;1;2;2023-10-17T05:23:11Z;2023-10-17T05:23:11Z;0;STARTED
197;1;2;2023-10-17T05:23:11Z;2023-10-17T05:23:16Z;5;PAUSED
197;1;2;2023-10-17T05:23:16Z;2023-10-17T05:23:26Z;5;CONTINUED
197;1;2;2023-10-17T05:23:26Z;2023-10-17T05:24:01Z;40;PAUSED
197;1;2;2023-10-17T05:24:01Z;2023-10-17T05:24:31Z;40;INTERRUPTED
198;1;2;2023-10-17T05:24:01Z;2023-10-17T05:24:01Z;0;STARTED
198;1;2;2023-10-17T05:24:01Z;2023-10-17T05:24:26Z;25;PAUSED
198;1;2;2023-10-17T05:24:26Z;2023-10-17T05:24:34Z;25;CONTINUED
198;1;2;2023-10-17T05:24:34Z;2023-10-17T05:25:20Z;71;PAUSED
198;1;2;2023-10-17T05:25:20Z;2023-10-17T05:25:46Z;71;CONTINUED
198;1;2;2023-10-17T05:25:46Z;2023-10-17T05:26:16Z;71;INTERRUPTED
199;1;1;2023-10-17T07:48:28Z;2023-10-17T07:48:28Z;0;STARTED
199;1;1;2023-10-17T07:48:28Z;2023-10-17T07:51:33Z;185;COMPLETE
200;1;0;2023-10-17T07:57:26Z;2023-10-17T07:57:26Z;0;STARTED
200;1;0;2023-10-17T07:57:26Z;2023-10-17T08:00:32Z;186;COMPLETE
201;1;0;2023-10-17T08:05:41Z;2023-10-17T08:05:41Z;0;STARTED
201;1;0;2023-10-17T08:05:41Z;2023-10-17T08:07:15Z;94;PAUSED
201;1;0;2023-10-17T08:07:15Z;2023-10-17T08:07:45Z;94;INTERRUPTED
202;1;2;2023-10-17T08:09:44Z;2023-10-17T08:09:44Z;0;STARTED
202;1;2;2023-10-17T08:09:44Z;2023-10-17T08:11:03Z;79;PAUSED
202;1;2;2023-10-17T08:11:03Z;2023-10-17T08:11:26Z;79;CONTINUED
202;1;2;2023-10-17T08:11:26Z;2023-10-17T08:12:07Z;120;PAUSED
202;1;2;2023-10-17T08:12:07Z;2023-10-17T08:12:37Z;120;INTERRUPTED
203;1;2;2023-10-17T08:14:53Z;2023-10-17T08:14:53Z;0;STARTED
203;1;2;2023-10-17T08:14:53Z;2023-10-17T08:17:53Z;180;COMPLETE
204;1;1;2023-10-17T09:52:08Z;2023-10-17T09:52:08Z;0;STARTED
204;1;1;2023-10-17T09:52:08Z;2023-10-17T09:55:13Z;185;COMPLETE
205;1;0;2023-10-17T10:00:02Z;2023-10-17T10:00:02Z;0;STARTED
205;1;0;2023-10-17T10:00:02Z;2023-10-17T10:03:11Z;189;COMPLETE
206;1;1;2023-10-17T10:05:47Z;2023-10-17T10:05:47Z;0;STARTED
206;1;1;2023-10-17T10:05:47Z;2023-10-17T10:06:00Z;13;PAUSED
206;1;1;2023-10-17T10:06:00Z;2023-10-17T10:06:13Z;13;CONTINUED
206;1;1;2023-10-17T10:06:13Z;2023-10-17T10:06:22Z;22;PAUSED
206;1;1;2023-10-17T10:06:22Z;2023-10-17T10:06:29Z;22;CONTINUED
206;1;1;2023-10-17T10:06:29Z;2023-10-17T10:06:34Z;27;PAUSED
206;1;1;2023-10-17T10:06:34Z;2023-10-17T10:06:40Z;27;CONTINUED
206;1;1;2023-10-17T10:06:40Z;2023-10-17T10:06:48Z;35;PAUSED
206;1;1;2023-10-17T10:06:48Z;2023-10-17T10:07:18Z;35;INTERRUPTED
207;1;0;2023-10-17T10:12:31Z;2023-10-17T10:12:31Z;0;STARTED
207;1;0;2023-10-17T10:12:31Z;2023-10-17T10:15:35Z;184;COMPLETE
208;1;0;2023-10-17T10:19:24Z;2023-10-17T10:19:24Z;0;STARTED
208;1;0;2023-10-17T10:19:24Z;2023-10-17T10:22:33Z;189;COMPLETE
209;1;0;2023-10-17T10:23:56Z;2023-10-17T10:23:56Z;0;STARTED
209;1;0;2023-10-17T10:23:56Z;2023-10-17T10:27:06Z;190;COMPLETE
210;1;2;2023-10-17T10:29:16Z;2023-10-17T10:29:16Z;0;STARTED
210;1;2;2023-10-17T10:29:16Z;2023-10-17T10:32:24Z;188;COMPLETE
211;1;2;2023-10-17T10:33:04Z;2023-10-17T10:33:04Z;0;STARTED
211;1;2;2023-10-17T10:33:04Z;2023-10-17T10:36:09Z;185;COMPLETE
212;1;1;2023-10-17T12:54:00Z;2023-10-17T12:54:00Z;0;STARTED
212;1;1;2023-10-17T12:54:00Z;2023-10-17T12:57:05Z;185;COMPLETE
213;1;0;2023-10-17T13:00:11Z;2023-10-17T13:00:11Z;0;STARTED
213;1;0;2023-10-17T13:00:11Z;2023-10-17T13:00:16Z;5;PAUSED
213;1;0;2023-10-17T13:00:16Z;2023-10-17T13:00:26Z;5;CONTINUED
213;1;0;2023-10-17T13:00:26Z;2023-10-17T13:00:37Z;16;PAUSED
213;1;0;2023-10-17T13:00:37Z;2023-10-17T13:00:48Z;16;CONTINUED
213;1;0;2023-10-17T13:00:48Z;2023-10-17T13:00:59Z;27;PAUSED
213;1;0;2023-10-17T13:00:59Z;2023-10-17T13:01:05Z;27;CONTINUED
213;1;0;2023-10-17T13:01:05Z;2023-10-17T13:01:35Z;27;INTERRUPTED
214;1;1;2023-10-17T13:03:37Z;2023-10-17T13:03:37Z;0;STARTED
214;1;1;2023-10-17T13:03:37Z;2023-10-17T13:06:40Z;183;COMPLETE
215;1;0;2023-10-17T13:08:01Z;2023-10-17T13:08:01Z;0;STARTED
215;1;0;2023-10-17T13:08:01Z;2023-10-17T13:08:28Z;27;PAUSED
215;1;0;2023-10-17T13:08:28Z;2023-10-17T13:08:58Z;27;INTERRUPTED
216;1;0;2023-10-17T13:08:58Z;2023-10-17T13:08:58Z;0;STARTED
216;1;0;2023-10-17T13:08:58Z;2023-10-17T13:11:58Z;180;COMPLETE
217;1;2;2023-10-17T13:12:09Z;2023-10-17T13:12:09Z;0;STARTED
217;1;2;2023-10-17T13:12:09Z;2023-10-17T13:12:59Z;50;PAUSED
217;1;2;2023-10-17T13:12:59Z;2023-10-17T13:13:14Z;50;CONTINUED
217;1;2;2023-10-17T13:13:14Z;2023-10-17T13:13:52Z;88;PAUSED
217;1;2;2023-10-17T13:13:52Z;2023-10-17T13:14:22Z;88;INTERRUPTED
218;1;1;2023-10-18T05:00:00Z;2023-10-18T05:00:00Z;0;STARTED
218;1;1;2023-10-18T05:00:00Z;2023-10-18T05:00:40Z;40;PAUSED
218;1;1;2023-10-18T05:00:40Z;2023-10-18T05:00:52Z;40;CONTINUED
218;1;1;2023-10-18T05:00:52Z;2023-10-18T05:01:22Z;40;INTERRUPTED
219;1;1;2023-10-18T05:01:28Z;2023-10-18T05:01:28Z;0;STARTED
219;1;1;2023-10-18T05:01:28Z;2023-10-18T05:04:30Z;182;COMPLETE
220;1;2;2023-10-18T05:07:24Z;2023-10-18T05:07:24Z;0;STARTED
220;1;2;2023-10-18T05:07:24Z;2023-10-18T05:10:27Z;183;COMPLETE
221;1;1;2023-10-18T05:12:59Z;2023-10-18T05:12:59Z;0;STARTED
221;1;1;2023-10-18T05:12:59Z;2023-10-18T05:16:06Z;187;COMPLETE
222;1;2;2023-10-18T05:16:30Z;2023-10-18T05:16:30Z;0;STARTED
222;1;2;2023-10-18T05:16:30Z;2023-10-18T05:16:48Z;18;PAUSED
222;1;2;2023-10-18T05:16:48Z;2023-10-18T05:17:05Z;18;CONTINUED
222;1;2;2023-10-18T05:17:05Z;2023-10-18T05:17:22Z;35;PAUSED
222;1;2;2023-10-18T05:17:22Z;2023-10-18T05:17:28Z;35;CONTINUED
222;1;2;2023-10-18T05:17:28Z;2023-10-18T05:17:37Z;44;PAUSED
222;1;2;2023-10-18T05:17:37Z;2023-10-18T05:18:07Z;44;INTERRUPTED
223;1;2;2023-10-18T05:17:37Z;2023-10-18T05:17:37Z;0;STARTED
223;1;2;2023-10-18T05:17:37Z;2023-10-18T05:20:37Z;180;COMPLETE
224;1;1;2023-10-19T05:00:00Z;2023-10-19T05:00:00Z;0;STARTED
224;1;1;2023-10-19T05:00:00Z;2023-10-19T05:03:01Z;181;COMPLETE
225;1;0;2023-10-19T05:07:26Z;2023-10-19T05:07:26Z;0;STARTED
225;1;0;2023-10-19T05:07:26Z;2023-10-19T05:10:34Z;188;COMPLETE
226;1;2;2023-10-19T05:16:34Z;2023-10-19T05:16:34Z;0;STARTED
226;1;2;2023-10-19T05:16:34Z;2023-10-19T05:19:37Z;183;COMPLETE
227;1;1;2023-10-19T05:24:07Z;2023-10-19T05:24:07Z;0;STARTED
227;1;1;2023-10-19T05:24:07Z;2023-10-19T05:24:30Z;23;PAUSED
227;1;1;2023-10-19T05:24:30Z;2023-10-19T05:24:54Z;23;CONTINUED
227;1;1;2023-10-19T05:24:54Z;2023-10-19T05:26:06Z;95;PAUSED
227;1;1;2023-10-19T05:26:06Z;2023-10-19T05:26:36Z;95;INTERRUPTED
228;1;2;2023-10-19T05:30:22Z;2023-10-19T05:30:22Z;0;STARTED
228;1;2;2023-10-19T05:30:22Z;2023-10-19T05:33:26Z;184;COMPLETE
229;1;0;2023-10-19T10:02:06Z;2023-10-19T10:02:06Z;0;STARTED
229;1;0;2023-10-19T10:02:06Z;2023-10-19T10:05:06Z;180;COMPLETE
230;1;1;2023-10-19T10:09:22Z;2023-10-19T10:09:22Z;0;STARTED
230;1;1;2023-10-19T10:09:22Z;2023-10-19T10:12:29Z;187;COMPLETE
231;1;2;2023-10-19T10:15:11Z;2023-10-19T10:15:11Z;0;STARTED
231;1;2;2023-10-19T10:15:11Z;2023-10-19T10:18:20Z;189;COMPLETE
232;1;0;2023-10-19T10:23:49Z;2023-10-19T10:23:49Z;0;STARTED
232;1;0;2023-10-19T10:23:49Z;2023-10-19T10:24:25Z;36;PAUSED
232;1;0;2023-10-19T10:24:25Z;2023-10-19T10:24:55Z;36;INTERRUPTED
233;1;1;2023-10-19T10:30:45Z;2023-10-19T10:30:45Z;0;STARTED
233;1;1;2023-10-19T10:30:45Z;2023-10-19T10:33:52Z;187;COMPLETE
234;1;2;2023-10-19T10:37:42Z;2023-10-19T10:37:42Z;0;STARTED
234;1;2;2023-10-19T10:37:42Z;2023-10-19T10:40:49Z;187;COMPLETE
235;1;0;2023-10-19T12:16:39Z;2023-10-19T12:16:39Z;0;STARTED
235;1;0;2023-10-19T12:16:39Z;2023-10-19T12:19:40Z;181;COMPLETE
236;1;2;2023-10-19T12:20:52Z;2023-10-19T12:20:52Z;0;STARTED
236;1;2;2023-10-19T12:20:52Z;2023-10-19T12:21:51Z;59;PAUSED
236;1;2;2023-10-19T12:21:51Z;2023-10-19T12:22:13Z;59;CONTINUED
236;1;2;2023-10-19T12:22:13Z;2023-10-19T12:22:43Z;59;INTERRUPTED
237;1;0;2023-10-19T12:28:16Z;2023-10-19T12:28:16Z;0;STARTED
237;1;0;2023-10-19T12:28:16Z;2023-10-19T12:31:24Z;188;COMPLETE
238;1;0;2023-10-19T12:32:54Z;2023-10-19T12:32:54Z;0;STARTED
238;1;0;2023-10-19T12:32:54Z;2023-10-19T12:33:25Z;31;PAUSED
238;1;0;2023-10-19T12:33:25Z;2023-10-19T12:33:46Z;31;CONTINUED
238;1;0;2023-10-19T12:33:46Z;2023-10-19T12:33:55Z;40;PAUSED
238;1;0;2023-10-19T12:33:55Z;2023-10-19T12:34:23Z;40;CONTINUED
238;1;0;2023-10-19T12:34:23Z;2023-10-19T12:35:14Z;91;PAUSED
238;1;0;2023-10-19T12:35:14Z;2023-10-19T12:35:44Z;91;INTERRUPTED
239;1;0;2023-10-19T12:37:21Z;2023-10-19T12:37:21Z;0;STARTED
239;1;0;2023-10-19T12:37:21Z;2023-10-19T12:37:38Z;17;PAUSED
239;1;0;2023-10-19T12:37:38Z;2023-10-19T12:38:08Z;17;INTERRUPTED
240;1;0;2023-10-19T12:37:38Z;2023-10-19T12:37:38Z;0;STARTED
240;1;0;2023-10-19T12:37:38Z;2023-10-19T12:37:43Z;5;PAUSED
240;1;0;2023-10-19T12:37:43Z;2023-10-19T12:38:00Z;5;CONTINUED
240;1;0;2023-10-19T12:38:00Z;2023-10-19T12:38:09Z;14;PAUSED
240;1;0;2023-10-19T12:38:09Z;2023-10-19T12:38:22Z;14;CONTINUED
240;1;0;2023-10-19T12:38:22Z;2023-10-19T12:38:32Z;24;PAUSED
240;1;0;2023-10-19T12:38:32Z;2023-10-19T12:38:55Z;24;CONTINUED
240;1;0;2023-10-19T12:38:55Z;2023-10-19T12:39:25Z;24;INTERRUPTED
241;1;0;2023-10-19T12:41:55Z;2023-10-19T12:41:55Z;0;STARTED
241;1;0;2023-10-19T12:41:55Z;2023-10-19T12:42:19Z;24;PAUSED
241;1;0;2023-10-19T12:42:19Z;2023-10-19T12:42:31Z;24;CONTINUED
241;1;0;2023-10-19T12:42:31Z;2023-10-19T12:43:14Z;67;PAUSED
241;1;0;2023-10-19T12:43:14Z;2023-10-19T12:43:44Z;67;INTERRUPTED
242;1;0;2023-10-19T12:45:50Z;2023-10-19T12:45:50Z;0;STARTED
242;1;0;2023-10-19T12:45:50Z;2023-10-19T12:48:50Z;180;COMPLETE
243;1;2;2023-10-19T12:49:39Z;2023-10-19T12:49:39Z;0;STARTED
243;1;2;2023-10-19T12:49:39Z;2023-10-19T12:49:44Z;5;PAUSED
243;1;2;2023-10-19T12:49:44Z;2023-10-19T12:50:01Z;5;CONTINUED
243;1;2;2023-10-19T12:50:01Z;2023-10-19T12:50:06Z;10;PAUSED
243;1;2;2023-10-19T12:50:06Z;2023-10-19T12:50:14Z;10;CONTINUED
243;1;2;2023-10-19T12:50:14Z;2023-10-19T12:50:19Z;15;PAUSED
243;1;2;2023-10-19T12:50:19Z;2023-10-19T12:50:41Z;15;CONTINUED
243;1;2;2023-10-19T12:50:41Z;2023-10-19T12:50:50Z;24;PAUSED
243;1;2;2023-10-19T12:50:50Z;2023-10-19T12:51:20Z;24;INTERRUPTED
244;1;0;2023-10-20T05:00:00Z;2023-10-20T05:00:00Z;0;STARTED
244;1;0;2023-10-20T05:00:00Z;2023-10-20T05:00:24Z;24;PAUSED
244;1;0;2023-10-20T05:00:24Z;2023-10-20T05:00:54Z;24;INTERRUPTED
245;1;2;2023-10-20T05:04:40Z;2023-10-20T05:04:40Z;0;STARTED
245;1;2;2023-10-20T05:04:40Z;2023-10-20T05:04:46Z;6;PAUSED
245;1;2;2023-10-20T05:04:46Z;2023-10-20T05:05:08Z;6;CONTINUED
245;1;2;2023-10-20T05:05:08Z;2023-10-20T05:05:13Z;11;PAUSED
245;1;2;2023-10-20T05:05:13Z;2023-10-20T05:05:26Z;11;CONTINUED
245;1;2;2023-10-20T05:05:26Z;2023-10-20T05:05:31Z;16;PAUSED
245;1;2;2023-10-20T05:05:31Z;2023-10-20T05:05:44Z;16;CONTINUED
245;1;2;2023-10-20T05:05:44Z;2023-10-20T05:05:56Z;28;PAUSED
245;1;2;2023-10-20T05:05:56Z;2023-10-20T05:06:26Z;28;INTERRUPTED
246;1;0;2023-10-20T05:06:43Z;2023-10-20T05:06:43Z;0;STARTED
246;1;0;2023-10-20T05:06:43Z;2023-10-20T05:07:34Z;51;PAUSED
246;1;0;2023-10-20T05:07:34Z;2023-10-20T05:07:40Z;51;CONTINUED
246;1;0;2023-10-20T05:07:40Z;2023-10-20T05:08:34Z;105;PAUSED
246;1;0;2023-10-20T05:08:34Z;2023-10-20T05:09:04Z;105;INTERRUPTED
247;1;0;2023-10-20T05:09:11Z;2023-10-20T05:09:11Z;0;STARTED
247;1;0;2023-10-20T05:09:11Z;2023-10-20T05:12:14Z;183;COMPLETE
248;1;1;2023-10-20T05:17:51Z;2023-10-20T05:17:51Z;0;STARTED
248;1;1;2023-10-20T05:17:51Z;2023-10-20T05:21:01Z;190;COMPLETE
249;1;2;2023-10-20T05:21:58Z;2023-10-20T05:21:58Z;0;STARTED
249;1;2;2023-10-20T05:21:58Z;2023-10-20T05:25:02Z;184;COMPLETE
250;1;1;2023-10-20T07:08:27Z;2023-10-20T07:08:27Z;0;STARTED
250;1;1;2023-10-20T07:08:27Z;2023-10-20T07:11:28Z;181;COMPLETE
251;1;0;2023-10-20T07:15:24Z;2023-10-20T07:15:24Z;0;STARTED
251;1;0;2023-10-20T07:15:24Z;2023-10-20T07:16:13Z;49;PAUSED
251;1;0;2023-10-20T07:16:13Z;2023-10-20T07:16:40Z;49;CONTINUED
251;1;0;2023-10-20T07:16:40Z;2023-10-20T07:17:10Z;49;INTERRUPTED
252;1;2;2023-10-20T07:21:15Z;2023-10-20T07:21:15Z;0;STARTED
252;1;2;2023-10-20T07:21:15Z;2023-10-20T07:24:21Z;186;COMPLETE
253;1;2;2023-10-20T07:29:48Z;2023-10-20T07:29:48Z;0;STARTED
253;1;2;2023-10-20T07:29:48Z;2023-10-20T07:29:53Z;5;PAUSED
253;1;2;2023-10-20T07:29:53Z;2023-10-20T07:30:23Z;5;CONTINUED
253;1;2;2023-10-20T07:30:23Z;2023-10-20T07:30:31Z;13;PAUSED
253;1;2;2023-10-20T07:30:31Z;2023-10-20T07:31:01Z;13;INTERRUPTED
254;1;2;2023-10-20T07:31:01Z;2023-10-20T07:31:01Z;0;STARTED
254;1;2;2023-10-20T07:31:01Z;2023-10-20T07:34:06Z;185;COMPLETE
255;1;2;2023-10-20T07:34:29Z;2023-10-20T07:34:29Z;0;STARTED
255;1;2;2023-10-20T07:34:29Z;2023-10-20T07:37:35Z;186;COMPLETE
256;1;0;2023-10-20T11:04:00Z;2023-10-20T11:04:00Z;0;STARTED
256;1;0;2023-10-20T11:04:00Z;2023-10-20T11:04:20Z;20;PAUSED
256;1;0;2023-10-20T11:04:20Z;2023-10-20T11:04:47Z;20;CONTINUED
256;1;0;2023-10-20T11:04:47Z;2023-10-20T11:05:02Z;35;PAUSED
256;1;0;2023-10-20T11:05:02Z;2023-10-20T11:05:23Z;35;CONTINUED
256;1;0;2023-10-20T11:05:23Z;2023-10-20T11:05:33Z;45;PAUSED
256;1;0;2023-10-20T11:05:33Z;2023-10-20T11:05:42Z;45;CONTINUED
256;1;0;2023-10-20T11:05:42Z;2023-10-20T11:06:12Z;45;INTERRUPTED
257;1;2;2023-10-20T11:07:19Z;2023-10-20T11:07:19Z;0;STARTED
257;1;2;2023-10-20T11:07:19Z;2023-10-20T11:07:33Z;14;PAUSED
257;1;2;2023-10-20T11:07:33Z;2023-10-20T11:07:45Z;14;CONTINUED
257;1;2;2023-10-20T11:07:45Z;2023-10-20T11:07:50Z;19;PAUSED
257;1;2;2023-10-20T11:07:50Z;2023-10-20T11:08:19Z;19;CONTINUED
257;1;2;2023-10-20T11:08:19Z;2023-10-20T11:08:38Z;38;PAUSED
257;1;2;2023-10-20T11:08:38Z;2023-10-20T11:09:04Z;38;CONTINUED
257;1;2;2023-10-20T11:09:04Z;2023-10-20T11:09:34Z;38;INTERRUPTED
258;1;1;2023-10-20T11:15:02Z;2023-10-20T11:15:02Z;0;STARTED
258;1;1;2023-10-20T11:15:02Z;2023-10-20T11:16:22Z;80;PAUSED
258;1;1;2023-10-20T11:16:22Z;2023-10-20T11:16:52Z;80;INTERRUPTED
259;1;1;2023-10-20T11:19:49Z;2023-10-20T11:19:49Z;0;STARTED
259;1;1;2023-10-20T11:19:49Z;2023-10-20T11:22:54Z;185;COMPLETE
260;1;2;2023-10-20T11:23:41Z;2023-10-20T11:23:41Z;0;STARTED
260;1;2;2023-10-20T11:23:41Z;2023-10-20T11:26:43Z;182;COMPLETE
261;1;2;2023-10-20T11:29:44Z;2023-10-20T11:29:44Z;0;STARTED
261;1;2;2023-10-20T11:29:44Z;2023-10-20T11:32:47Z;183;COMPLETE
262;1;0;2023-10-21T05:00:00Z;2023-10-21T05:00:00Z;0;STARTED
262;1;0;2023-10-21T05:00:00Z;2023-10-21T05:00:14Z;14;PAUSED
262;1;0;2023-10-21T05:00:14Z;2023-10-21T05:00:44Z;14;INTERRUPTED
263;1;0;2023-10-21T05:00:14Z;2023-10-21T05:00:14Z;0;STARTED
263;1;0;2023-10-21T05:00:14Z;2023-10-21T05:00:36Z;22;PAUSED
263;1;0;2023-10-21T05:00:36Z;2023-10-21T05:01:06Z;22;INTERRUPTED
264;1;2;2023-10-21T05:05:15Z;2023-10-21T05:05:15Z;0;STARTED
264;1;2;2023-10-21T05:05:15Z;2023-10-21T05:05:47Z;32;PAUSED
264;1;2;2023-10-21T05:05:47Z;2023-10-21T05:06:15Z;32;CONTINUED
264;1;2;2023-10-21T05:06:15Z;2023-10-21T05:06:22Z;39;PAUSED
264;1;2;2023-10-21T05:06:22Z;2023-10-21T05:06:38Z;39;CONTINUED
264;1;2;2023-10-21T05:06:38Z;2023-10-21T05:07:23Z;84;PAUSED
264;1;2;2023-10-21T05:07:23Z;2023-10-21T05:07:53Z;84;INTERRUPTED
265;1;1;2023-10-21T05:09:50Z;2023-10-21T05:09:50Z;0;STARTED
265;1;1;2023-10-21T05:09:50Z;2023-10-21T05:10:36Z;46;PAUSED
265;1;1;2023-10-21T05:10:36Z;2023-10-21T05:10:51Z;46;CONTINUED
265;1;1;2023-10-21T05:10:51Z;2023-10-21T05:11:33Z;88;PAUSED
265;1;1;2023-10-21T05:11:33Z;2023-10-21T05:11:54Z;88;CONTINUED
265;1;1;2023-10-21T05:11:54Z;2023-10-21T05:12:18Z;112;PAUSED
265;1;1;2023-10-21T05:12:18Z;2023-10-21T05:12:48Z;112;INTERRUPTED
266;1;0;2023-10-21T05:13:53Z;2023-10-21T05:13:53Z;0;STARTED
266;1;0;2023-10-21T05:13:53Z;2023-10-21T05:15:23Z;90;PAUSED
266;1;0;2023-10-21T05:15:23Z;2023-10-21T05:15:53Z;90;CONTINUED
266;1;0;2023-10-21T05:15:53Z;2023-10-21T05:16:26Z;123;PAUSED
266;1;0;2023-10-21T05:16:26Z;2023-10-21T05:16:56Z;123;INTERRUPTED
267;1;2;2023-10-21T05:17:31Z;2023-10-21T05:17:31Z;0;STARTED
267;1;2;2023-10-21T05:17:31Z;2023-10-21T05:20:34Z;183;COMPLETE
268;1;1;2023-10-21T09:43:01Z;2023-10-21T09:43:01Z;0;STARTED
268;1;1;2023-10-21T09:43:01Z;2023-10-21T09:46:07Z;186;COMPLETE
269;1;0;2023-10-21T09:51:40Z;2023-10-21T09:51:40Z;0;STARTED
269;1;0;2023-10-21T09:51:40Z;2023-10-21T09:54:43Z;183;COMPLETE
270;1;2;2023-10-21T09:55:05Z;2023-10-21T09:55:05Z;0;STARTED
270;1;2;2023-10-21T09:55:05Z;2023-10-21T09:55:35Z;30;PAUSED
270;1;2;2023-10-21T09:55:35Z;2023-10-21T09:56:05Z;30;INTERRUPTED
271;1;2;2023-10-21T09:56:05Z;2023-10-21T09:56:05Z;0;STARTED
271;1;2;2023-10-21T09:56:05Z;2023-10-21T09:59:12Z;187;COMPLETE
272;1;0;2023-10-21T10:02:40Z;2023-10-21T10:02:40Z;0;STARTED
272;1;0;2023-10-21T10:02:40Z;2023-10-21T10:05:45Z;185;COMPLETE
273;1;0;2023-10-21T10:07:12Z;2023-10-21T10:07:12Z;0;STARTED
273;1;0;2023-10-21T10:07:12Z;2023-10-21T10:10:16Z;184;COMPLETE
274;1;0;2023-10-21T10:15:39Z;2023-10-21T10:15:39Z;0;STARTED
274;1;0;2023-10-21T10:15:39Z;2023-10-21T10:18:47Z;188;COMPLETE
275;1;2;2023-10-21T10:20:32Z;2023-10-21T10:20:32Z;0;STARTED
275;1;2;2023-10-21T10:20:32Z;2023-10-21T10:20:41Z;9;PAUSED
275;1;2;2023-10-21T10:20:41Z;2023-10-21T10:21:05Z;9;CONTINUED
275;1;2;2023-10-21T10:21:05Z;2023-10-21T10:21:14Z;18;PAUSED
275;1;2;2023-10-21T10:21:14Z;2023-10-21T10:21:43Z;18;CONTINUED
275;1;2;2023-10-21T10:21:43Z;2023-10-21T10:21:55Z;30;PAUSED
275;1;2;2023-10-21T10:21:55Z;2023-10-21T10:22:25Z;30;INTERRUPTED
276;1;2;2023-10-21T10:21:55Z;2023-10-21T10:21:55Z;0;STARTED
276;1;2;2023-10-21T10:21:55Z;2023-10-21T10:22:26Z;31;PAUSED
276;1;2;2023-10-21T10:22:26Z;2023-10-21T10:22:52Z;31;CONTINUED
276;1;2;2023-10-21T10:22:52Z;2023-10-21T10:23:22Z;31;INTERRUPTED
277;1;0;2023-10-21T13:26:15Z;2023-10-21T13:26:15Z;0;STARTED
277;1;0;2023-10-21T13:26:15Z;2023-10-21T13:29:24Z;189;COMPLETE
278;1;0;2023-10-21T13:33:50Z;2023-10-21T13:33:50Z;0;STARTED
278;1;0;2023-10-21T13:33:50Z;2023-10-21T13:36:55Z;185;COMPLETE
279;1;2;2023-10-21T13:38:07Z;2023-10-21T13:38:07Z;0;STARTED
279;1;2;2023-10-21T13:38:07Z;2023-10-21T13:39:49Z;102;PAUSED
279;1;2;2023-10-21T13:39:49Z;2023-10-21T13:40:19Z;102;INTERRUPTED
280;1;1;2023-10-21T13:40:46Z;2023-10-21T13:40:46Z;0;STARTED
280;1;1;2023-10-21T13:40:46Z;2023-10-21T13:40:51Z;5;PAUSED
280;1;1;2023-10-21T13:40:51Z;2023-10-21T13:41:21Z;5;INTERRUPTED
281;1;1;2023-10-21T13:44:27Z;2023-10-21T13:44:27Z;0;STARTED
281;1;1;2023-10-21T13:44:27Z;2023-10-21T13:47:33Z;186;COMPLETE
282;1;2;2023-10-21T13:47:46Z;2023-10-21T13:47:46Z;0;STARTED
282;1;2;2023-10-21T13:47:46Z;2023-10-21T13:50:56Z;190;COMPLETE
283;1;0;2023-10-23T09:16:38Z;2023-10-23T09:16:38Z;0;STARTED
283;1;0;2023-10-23T09:16:38Z;2023-10-23T09:19:46Z;188;COMPLETE
284;1;0;2023-10-23T09:25:08Z;2023-10-23T09:25:08Z;0;STARTED
284;1;0;2023-10-23T09:25:08Z;2023-10-23T09:28:10Z;182;COMPLETE
285;1;0;2023-10-23T09:30:57Z;2023-10-23T09:30:57Z;0;STARTED
285;1;0;2023-10-23T09:30:57Z;2023-10-23T09:31:23Z;26;PAUSED
285;1;0;2023-10-23T09:31:23Z;2023-10-23T09:31:32Z;26;CONTINUED
285;1;0;2023-10-23T09:31:32Z;2023-10-23T09:31:43Z;37;PAUSED
285;1;0;2023-10-23T09:31:43Z;2023-10-23T09:32:13Z;37;INTERRUPTED
286;1;0;2023-10-23T09:31:43Z;2023-10-23T09:31:43Z;0;STARTED
286;1;0;2023-10-23T09:31:43Z;2023-10-23T09:32:23Z;40;PAUSED
286;1;0;2023-10-23T09:32:23Z;2023-10-23T09:32:42Z;40;CONTINUED
286;1;0;2023-10-23T09:32:42Z;2023-10-23T09:33:12Z;70;PAUSED
286;1;0;2023-10-23T09:33:12Z;2023-10-23T09:33:42Z;70;CONTINUED
286;1;0;2023-10-23T09:33:42Z;2023-10-23T09:34:35Z;123;PAUSED
286;1;0;2023-10-23T09:34:35Z;2023-10-23T09:35:05Z;123;INTERRUPTED
287;1;1;2023-10-23T09:38:20Z;2023-10-23T09:38:20Z;0;STARTED
287;1;1;2023-10-23T09:38:20Z;2023-10-23T09:41:30Z;190;COMPLETE
288;1;2;2023-10-23T09:43:20Z;2023-10-23T09:43:20Z;0;STARTED
288;1;2;2023-10-23T09:43:20Z;2023-10-23T09:46:30Z;190;COMPLETE
289;1;0;2023-10-23T09:48:15Z;2023-10-23T09:48:15Z;0;STARTED
289;1;0;2023-10-23T09:48:15Z;2023-10-23T09:51:19Z;184;COMPLETE
290;1;0;2023-10-23T09:55:37Z;2023-10-23T09:55:37Z;0;STARTED
290;1;0;2023-10-23T09:55:37Z;2023-10-23T09:58:43Z;186;COMPLETE
291;1;2;2023-10-23T10:04:06Z;2023-10-23T10:04:06Z;0;STARTED
291;1;2;2023-10-23T10:04:06Z;2023-10-23T10:07:16Z;190;COMPLETE
292;1;0;2023-10-23T11:52:06Z;2023-10-23T11:52:06Z;0;STARTED
292;1;0;2023-10-23T11:52:06Z;2023-10-23T11:55:12Z;186;COMPLETE
293;1;0;2023-10-23T11:55:58Z;2023-10-23T11:55:58Z;0;STARTED
293;1;0;2023-10-23T11:55:58Z;2023-10-23T11:58:58Z;180;COMPLETE
294;1;0;2023-10-23T12:03:20Z;2023-10-23T12:03:20Z;0;STARTED
294;1;0;2023-10-23T12:03:20Z;2023-10-23T12:06:22Z;182;COMPLETE
295;1;1;2023-10-23T12:09:57Z;2023-10-23T12:09:57Z;0;STARTED
295;1;1;2023-10-23T12:09:57Z;2023-10-23T12:11:01Z;64;PAUSED
295;1;1;2023-10-23T12:11:01Z;2023-10-23T12:11:31Z;64;INTERRUPTED
296;1;2;2023-10-23T12:12:11Z;2023-10-23T12:12:11Z;0;STARTED
296;1;2;2023-10-23T12:12:11Z;2023-10-23T12:15:14Z;183;COMPLETE
297;1;1;2023-10-23T12:21:05Z;2023-10-23T12:21:05Z;0;STARTED
297;1;1;2023-10-23T12:21:05Z;2023-10-23T12:21:40Z;35;PAUSED
297;1;1;2023-10-23T12:21:40Z;2023-10-23T12:22:10Z;35;INTERRUPTED
298;1;1;2023-10-23T12:22:10Z;2023-10-23T12:22:10Z;0;STARTED
298;1;1;2023-10-23T12:22:10Z;2023-10-23T12:25:16Z;186;COMPLETE
299;1;0;2023-10-23T12:30:11Z;2023-10-23T12:30:11Z;0;STARTED
299;1;0;2023-10-23T12:30:11Z;2023-10-23T12:33:21Z;190;COMPLETE
300;1;2;2023-10-23T12:37:51Z;2023-10-23T12:37:51Z;0;STARTED
300;1;2;2023-10-23T12:37:51Z;2023-10-23T12:40:56Z;185;COMPLETE
301;1;1;2023-10-24T05:00:00Z;2023-10-24T05:00:00Z;0;STARTED
301;1;1;2023-10-24T05:00:00Z;2023-10-24T05:03:09Z;189;COMPLETE
302;1;0;2023-10-24T05:08:12Z;2023-10-24T05:08:12Z;0;STARTED
302;1;0;2023-10-24T05:08:12Z;2023-10-24T05:11:21Z;189;COMPLETE
303;1;2;2023-10-24T05:13:51Z;2023-10-24T05:13:51Z;0;STARTED
303;1;2;2023-10-24T05:13:51Z;2023-10-24T05:16:59Z;188;COMPLETE
304;1;1;2023-10-24T05:20:00Z;2023-10-24T05:20:00Z;0;STARTED
304;1;1;2023-10-24T05:20:00Z;2023-10-24T05:23:01Z;181;COMPLETE
305;1;0;2023-10-24T05:26:32Z;2023-10-24T05:26:32Z;0;STARTED
305;1;0;2023-10-24T05:26:32Z;2023-10-24T05:29:37Z;185;COMPLETE
306;1;2;2023-10-24T05:30:17Z;2023-10-24T05:30:17Z;0;STARTED
306;1;2;2023-10-24T05:30:17Z;2023-10-24T05:30:22Z;5;PAUSED
306;1;2;2023-10-24T05:30:22Z;2023-10-24T05:30:34Z;5;CONTINUED
306;1;2;2023-10-24T05:30:34Z;2023-10-24T05:30:45Z;16;PAUSED
306;1;2;2023-10-24T05:30:45Z;2023-10-24T05:31:11Z;16;CONTINUED
306;1;2;2023-10-24T05:31:11Z;2023-10-24T05:31:19Z;24;PAUSED
306;1;2;2023-10-24T05:31:19Z;2023-10-24T05:31:32Z;24;CONTINUED
306;1;2;2023-10-24T05:31:32Z;2023-10-24T05:32:02Z;24;INTERRUPTED
307;1;0;2023-10-24T10:46:53Z;2023-10-24T10:46:53Z;0;STARTED
307;1;0;2023-10-24T10:46:53Z;2023-10-24T10:46:59Z;6;PAUSED
307;1;0;2023-10-24T10:46:59Z;2023-10-24T10:47:24Z;6;CONTINUED
307;1;0;2023-10-24T10:47:24Z;2023-10-24T10:47:39Z;21;PAUSED
307;1;0;2023-10-24T10:47:39Z;2023-10-24T10:47:55Z;21;CONTINUED
307;1;0;2023-10-24T10:47:55Z;2023-10-24T10:48:13Z;39;PAUSED
307;1;0;2023-10-24T10:48:13Z;2023-10-24T10:48:43Z;39;CONTINUED
307;1;0;2023-10-24T10:48:43Z;2023-10-24T10:49:02Z;58;PAUSED
307;1;0;2023-10-24T10:49:02Z;2023-10-24T10:49:32Z;58;INTERRUPTED
308;1;1;2023-10-24T10:51:00Z;2023-10-24T10:51:00Z;0;STARTED
308;1;1;2023-10-24T10:51:00Z;2023-10-24T10:51:13Z;13;PAUSED
308;1;1;2023-10-24T10:51:13Z;2023-10-24T10:51:43Z;13;CONTINUED
308;1;1;2023-10-24T10:51:43Z;2023-10-24T10:52:17Z;47;PAUSED
308;1;1;2023-10-24T10:52:17Z;2023-10-24T10:52:35Z;47;CONTINUED
308;1;1;2023-10-24T10:52:35Z;2023-10-24T10:52:40Z;52;PAUSED
308;1;1;2023-10-24T10:52:40Z;2023-10-24T10:53:10Z;52;INTERRUPTED
309;1;2;2023-10-24T10:57:16Z;2023-10-24T10:57:16Z;0;STARTED
309;1;2;2023-10-24T10:57:16Z;2023-10-24T10:57:30Z;14;PAUSED
309;1;2;2023-10-24T10:57:30Z;2023-10-24T10:58:00Z;14;INTERRUPTED
310;1;2;2023-10-24T10:57:30Z;2023-10-24T10:57:30Z;0;STARTED
310;1;2;2023-10-24T10:57:30Z;2023-10-24T10:58:28Z;58;PAUSED
310;1;2;2023-10-24T10:58:28Z;2023-10-24T10:58:51Z;58;CONTINUED
310;1;2;2023-10-24T10:58:51Z;2023-10-24T10:59:26Z;93;PAUSED
310;1;2;2023-10-24T10:59:26Z;2023-10-24T10:59:56Z;93;INTERRUPTED
311;1;2;2023-10-24T11:00:43Z;2023-10-24T11:00:43Z;0;STARTED
311;1;2;2023-10-24T11:00:43Z;2023-10-24T11:03:44Z;181;COMPLETE
312;1;0;2023-10-24T11:05:35Z;2023-10-24T11:05:35Z;0;STARTED
312;1;0;2023-10-24T11:05:35Z;2023-10-24T11:05:46Z;11;PAUSED
312;1;0;2023-10-24T11:05:46Z;2023-10-24T11:06:16Z;11;INTERRUPTED
313;1;0;2023-10-24T11:06:16Z;2023-10-24T11:06:16Z;0;STARTED
313;1;0;2023-10-24T11:06:16Z;2023-10-24T11:09:25Z;189;COMPLETE
314;1;2;2023-10-24T11:13:07Z;2023-10-24T11:13:07Z;0;STARTED
314;1;2;2023-10-24T11:13:07Z;2023-10-24T11:16:16Z;189;COMPLETE
315;1;0;2023-10-25T05:00:00Z;2023-10-25T05:00:00Z;0;STARTED
315;1;0;2023-10-25T05:00:00Z;2023-10-25T05:00:49Z;49;PAUSED
315;1;0;2023-10-25T05:00:49Z;2023-10-25T05:01:01Z;49;CONTINUED
315;1;0;2023-10-25T05:01:01Z;2023-10-25T05:01:45Z;93;PAUSED
315;1;0;2023-10-25T05:01:45Z;2023-10-25T05:01:57Z;93;CONTINUED
315;1;0;2023-10-25T05:01:57Z;2023-10-25T05:02:27Z;123;PAUSED
315;1;0;2023-10-25T05:02:27Z;2023-10-25T05:02:57Z;123;INTERRUPTED
316;1;1;2023-10-25T05:05:21Z;2023-10-25T05:05:21Z;0;STARTED
316;1;1;2023-10-25T05:05:21Z;2023-10-25T05:06:28Z;67;PAUSED
316;1;1;2023-10-25T05:06:28Z;2023-10-25T05:06:40Z;67;CONTINUED
316;1;1;2023-10-25T05:06:40Z;2023-10-25T05:07:10Z;67;INTERRUPTED
317;1;2;2023-10-25T05:11:27Z;2023-10-25T05:11:27Z;0;STARTED
317;1;2;2023-10-25T05:11:27Z;2023-10-25T05:14:32Z;185;COMPLETE
318;1;0;2023-10-25T05:19:06Z;2023-10-25T05:19:06Z;0;STARTED
318;1;0;2023-10-25T05:19:06Z;2023-10-25T05:22:08Z;182;COMPLETE
319;1;1;2023-10-25T05:23:02Z;2023-10-25T05:23:02Z;0;STARTED
319;1;1;2023-10-25T05:23:02Z;2023-10-25T05:23:37Z;35;PAUSED
319;1;1;2023-10-25T05:23:37Z;2023-10-25T05:24:07Z;35;INTERRUPTED
320;1;1;2023-10-25T05:23:37Z;2023-10-25T05:23:37Z;0;STARTED
320;1;1;2023-10-25T05:23:37Z;2023-10-25T05:24:18Z;41;PAUSED
320;1;1;2023-10-25T05:24:18Z;2023-10-25T05:24:33Z;41;CONTINUED
320;1;1;2023-10-25T05:24:33Z;2023-10-25T05:24:53Z;61;PAUSED
320;1;1;2023-10-25T05:24:53Z;2023-10-25T05:25:22Z;61;CONTINUED
320;1;1;2023-10-25T05:25:22Z;2023-10-25T05:25:44Z;83;PAUSED
320;1;1;2023-10-25T05:25:44Z;2023-10-25T05:26:14Z;83;INTERRUPTED
321;1;1;2023-10-25T05:30:04Z;2023-10-25T05:30:04Z;0;STARTED
321;1;1;2023-10-25T05:30:04Z;2023-10-25T05:30:13Z;9;PAUSED
321;1;1;2023-10-25T05:30:13Z;2023-10-25T05:30:24Z;9;CONTINUED
321;1;1;2023-10-25T05:30:24Z;2023-10-25T05:30:48Z;33;PAUSED
321;1;1;2023-10-25T05:30:48Z;2023-10-25T05:31:18Z;33;INTERRUPTED
322;1;1;2023-10-25T05:30:48Z;2023-10-25T05:30:48Z;0;STARTED
322;1;1;2023-10-25T05:30:48Z;2023-10-25T05:32:02Z;74;PAUSED
322;1;1;2023-10-25T05:32:02Z;2023-10-25T05:32:32Z;74;INTERRUPTED
323;1;2;2023-10-25T05:33:16Z;2023-10-25T05:33:16Z;0;STARTED
323;1;2;2023-10-25T05:33:16Z;2023-10-25T05:36:20Z;184;COMPLETE
324;1;0;2023-10-25T07:50:34Z;2023-10-25T07:50:34Z;0;STARTED
324;1;0;2023-10-25T07:50:34Z;2023-10-25T07:53:41Z;187;COMPLETE
325;1;0;2023-10-25T07:57:24Z;2023-10-25T07:57:24Z;0;STARTED
325;1;0;2023-10-25T07:57:24Z;2023-10-25T08:00:34Z;190;COMPLETE
326;1;1;2023-10-25T08:03:19Z;2023-10-25T08:03:19Z;0;STARTED
326;1;1;2023-10-25T08:03:19Z;2023-10-25T08:04:02Z;43;PAUSED
326;1;1;2023-10-25T08:04:02Z;2023-10-25T08:04:13Z;43;CONTINUED
326;1;1;2023-10-25T08:04:13Z;2023-10-25T08:04:43Z;43;INTERRUPTED
327;1;0;2023-10-25T08:05:12Z;2023-10-25T08:05:12Z;0;STARTED
327;1;0;2023-10-25T08:05:12Z;2023-10-25T08:08:18Z;186;COMPLETE
328;1;2;2023-10-25T08:11:28Z;2023-10-25T08:11:28Z;0;STARTED
328;1;2;2023-10-25T08:11:28Z;2023-10-25T08:11:54Z;26;PAUSED
328;1;2;2023-10-25T08:11:54Z;2023-10-25T08:12:02Z;26;CONTINUED
328;1;2;2023-10-25T08:12:02Z;2023-10-25T08:12:38Z;62;PAUSED
328;1;2;2023-10-25T08:12:38Z;2023-10-25T08:12:46Z;62;CONTINUED
328;1;2;2023-10-25T08:12:46Z;2023-10-25T08:13:16Z;62;INTERRUPTED
329;1;1;2023-10-25T08:15:55Z;2023-10-25T08:15:55Z;0;STARTED
329;1;1;2023-10-25T08:15:55Z;2023-10-25T08:16:01Z;6;PAUSED
329;1;1;2023-10-25T08:16:01Z;2023-10-25T08:16:24Z;6;CONTINUED
329;1;1;2023-10-25T08:16:24Z;2023-10-25T08:17:20Z;62;PAUSED
329;1;1;2023-10-25T08:17:20Z;2023-10-25T08:17:50Z;62;INTERRUPTED
330;1;1;2023-10-25T08:22:26Z;2023-10-25T08:22:26Z;0;STARTED
330;1;1;2023-10-25T08:22:26Z;2023-10-25T08:25:28Z;182;COMPLETE
331;1;2;2023-10-25T08:30:33Z;2023-10-25T08:30:33Z;0;STARTED
331;1;2;2023-10-25T08:30:33Z;2023-10-25T08:30:51Z;18;PAUSED
331;1;2;2023-10-25T08:30:51Z;2023-10-25T08:31:14Z;18;CONTINUED
331;1;2;2023-10-25T08:31:14Z;2023-10-25T08:31:19Z;23;PAUSED
331;1;2;2023-10-25T08:31:19Z;2023-10-25T08:31:31Z;23;CONTINUED
331;1;2;2023-10-25T08:31:31Z;2023-10-25T08:31:37Z;29;PAUSED
331;1;2;2023-10-25T08:31:37Z;2023-10-25T08:32:07Z;29;INTERRUPTED
332;1;2;2023-10-25T08:32:07Z;2023-10-25T08:32:07Z;0;STARTED
332;1;2;2023-10-25T08:32:07Z;2023-10-25T08:35:09Z;182;COMPLETE
333;1;0;2023-10-25T10:22:00Z;2023-10-25T10:22:00Z;0;STARTED
333;1;0;2023-10-25T10:22:00Z;2023-10-25T10:25:03Z;183;COMPLETE
334;1;0;2023-10-25T10:29:08Z;2023-10-25T10:29:08Z;0;STARTED
334;1;0;2023-10-25T10:29:08Z;2023-10-25T10:32:11Z;183;COMPLETE
335;1;0;2023-10-25T10:35:44Z;2023-10-25T10:35:44Z;0;STARTED
335;1;0;2023-10-25T10:35:44Z;2023-10-25T10:36:06Z;22;PAUSED
335;1;0;2023-10-25T10:36:06Z;2023-10-25T10:36:23Z;22;CONTINUED
335;1;0;2023-10-25T10:36:23Z;2023-10-25T10:36:53Z;22;INTERRUPTED
336;1;0;2023-10-25T10:38:48Z;2023-10-25T10:38:48Z;0;STARTED
336;1;0;2023-10-25T10:38:48Z;2023-10-25T10:41:55Z;187;COMPLETE
337;1;1;2023-10-25T10:43:24Z;2023-10-25T10:43:24Z;0;STARTED
337;1;1;2023-10-25T10:43:24Z;2023-10-25T10:46:31Z;187;COMPLETE
338;1;1;2023-10-25T10:50:40Z;2023-10-25T10:50:40Z;0;STARTED
338;1;1;2023-10-25T10:50:40Z;2023-10-25T10:53:43Z;183;COMPLETE
339;1;2;2023-10-25T10:55:28Z;2023-10-25T10:55:28Z;0;STARTED
339;1;2;2023-10-25T10:55:28Z;2023-10-25T10:55:38Z;10;PAUSED
339;1;2;2023-10-25T10:55:38Z;2023-10-25T10:55:58Z;10;CONTINUED
339;1;2;2023-10-25T10:55:58Z;2023-10-25T10:56:13Z;25;PAUSED
339;1;2;2023-10-25T10:56:13Z;2023-10-25T10:56:43Z;25;INTERRUPTED
340;1;2;2023-10-25T10:56:13Z;2023-10-25T10:56:13Z;0;STARTED
340;1;2;2023-10-25T10:56:13Z;2023-10-25T10:59:13Z;180;COMPLETE
341;1;2;2023-10-25T11:00:09Z;2023-10-25T11:00:09Z;0;STARTED
341;1;2;2023-10-25T11:00:09Z;2023-10-25T11:01:23Z;74;PAUSED
341;1;2;2023-10-25T11:01:23Z;2023-10-25T11:01:28Z;74;CONTINUED
341;1;2;2023-10-25T11:01:28Z;2023-10-25T11:01:34Z;80;PAUSED
341;1;2;2023-10-25T11:01:34Z;2023-10-25T11:02:04Z;80;INTERRUPTED
342;1;1;2023-10-26T08:17:31Z;2023-10-26T08:17:31Z;0;STARTED
342;1;1;2023-10-26T08:17:31Z;2023-10-26T08:20:40Z;189;COMPLETE
343;1;0;2023-10-26T08:21:27Z;2023-10-26T08:21:27Z;0;STARTED
343;1;0;2023-10-26T08:21:27Z;2023-10-26T08:23:27Z;120;PAUSED
343;1;0;2023-10-26T08:23:27Z;2023-10-26T08:23:57Z;120;INTERRUPTED
344;1;0;2023-10-26T08:25:42Z;2023-10-26T08:25:42Z;0;STARTED
344;1;0;2023-10-26T08:25:42Z;2023-10-26T08:26:01Z;19;PAUSED
344;1;0;2023-10-26T08:26:01Z;2023-10-26T08:26:31Z;19;INTERRUPTED
345;1;0;2023-10-26T08:26:01Z;2023-10-26T08:26:01Z;0;STARTED
345;1;0;2023-10-26T08:26:01Z;2023-10-26T08:26:15Z;14;PAUSED
345;1;0;2023-10-26T08:26:15Z;2023-10-26T08:26:27Z;14;CONTINUED
345;1;0;2023-10-26T08:26:27Z;2023-10-26T08:26:37Z;24;PAUSED
345;1;0;2023-10-26T08:26:37Z;2023-10-26T08:27:07Z;24;INTERRUPTED
346;1;1;2023-10-26T08:32:28Z;2023-10-26T08:32:28Z;0;STARTED
346;1;1;2023-10-26T08:32:28Z;2023-10-26T08:32:56Z;28;PAUSED
346;1;1;2023-10-26T08:32:56Z;2023-10-26T08:33:04Z;28;CONTINUED
346;1;1;2023-10-26T08:33:04Z;2023-10-26T08:33:34Z;28;INTERRUPTED
347;1;0;2023-10-26T08:34:56Z;2023-10-26T08:34:56Z;0;STARTED
347;1;0;2023-10-26T08:34:56Z;2023-10-26T08:38:02Z;186;COMPLETE
348;1;2;2023-10-26T08:39:03Z;2023-10-26T08:39:03Z;0;STARTED
348;1;2;2023-10-26T08:39:03Z;2023-10-26T08:42:10Z;187;COMPLETE
349;1;2;2023-10-26T08:43:43Z;2023-10-26T08:43:43Z;0;STARTED
349;1;2;2023-10-26T08:43:43Z;2023-10-26T08:46:44Z;181;COMPLETE
350;1;1;2023-10-26T12:18:27Z;2023-10-26T12:18:27Z;0;STARTED
350;1;1;2023-10-26T12:18:27Z;2023-10-26T12:21:27Z;180;COMPLETE
351;1;1;2023-10-26T12:22:56Z;2023-10-26T12:22:56Z;0;STARTED
351;1;1;2023-10-26T12:22:56Z;2023-10-26T12:23:07Z;11;PAUSED
351;1;1;2023-10-26T12:23:07Z;2023-10-26T12:23:37Z;11;INTERRUPTED
352;1;1;2023-10-26T12:23:37Z;2023-10-26T12:23:37Z;0;STARTED
352;1;1;2023-10-26T12:23:37Z;2023-10-26T12:26:46Z;189;COMPLETE
353;1;2;2023-10-26T12:28:06Z;2023-10-26T12:28:06Z;0;STARTED
353;1;2;2023-10-26T12:28:06Z;2023-10-26T12:31:14Z;188;COMPLETE
354;1;0;2023-10-26T12:36:28Z;2023-10-26T12:36:28Z;0;STARTED
354;1;0;2023-10-26T12:36:28Z;2023-10-26T12:39:33Z;185;COMPLETE
355;1;0;2023-10-26T12:40:55Z;2023-10-26T12:40:55Z;0;STARTED
355;1;0;2023-10-26T12:40:55Z;2023-10-26T12:43:58Z;183;COMPLETE
356;1;2;2023-10-26T12:49:06Z;2023-10-26T12:49:06Z;0;STARTED
356;1;2;2023-10-26T12:49:06Z;2023-10-26T12:49:46Z;40;PAUSED
356;1;2;2023-10-26T12:49:46Z;2023-10-26T12:50:16Z;40;INTERRUPTED
357;1;0;2023-10-27T05:00:00Z;2023-10-27T05:00:00Z;0;STARTED
357;1;0;2023-10-27T05:00:00Z;2023-10-27T05:03:09Z;189;COMPLETE
358;1;1;2023-10-27T05:05:40Z;2023-10-27T05:05:40Z;0;STARTED
358;1;1;2023-10-27T05:05:40Z;2023-10-27T05:06:05Z;25;PAUSED
358;1;1;2023-10-27T05:06:05Z;2023-10-27T05:06:35Z;25;INTERRUPTED
359;1;1;2023-10-27T05:06:05Z;2023-10-27T05:06:05Z;0;STARTED
359;1;1;2023-10-27T05:06:05Z;2023-10-27T05:09:14Z;189;COMPLETE
360;1;1;2023-10-27T05:11:02Z;2023-10-27T05:11:02Z;0;STARTED
360;1;1;2023-10-27T05:11:02Z;2023-10-27T05:14:12Z;190;COMPLETE
361;1;1;2023-10-27T05:16:54Z;2023-10-27T05:16:54Z;0;STARTED
361;1;1;2023-10-27T05:16:54Z;2023-10-27T05:19:58Z;184;COMPLETE
362;1;0;2023-10-27T05:20:33Z;2023-10-27T05:20:33Z;0;STARTED
362;1;0;2023-10-27T05:20:33Z;2023-10-27T05:23:39Z;186;COMPLETE
363;1;1;2023-10-27T05:26:49Z;2023-10-27T05:26:49Z;0;STARTED
363;1;1;2023-10-27T05:26:49Z;2023-10-27T05:26:55Z;6;PAUSED
363;1;1;2023-10-27T05:26:55Z;2023-10-27T05:27:06Z;6;CONTINUED
363;1;1;2023-10-27T05:27:06Z;2023-10-27T05:27:24Z;24;PAUSED
363;1;1;2023-10-27T05:27:24Z;2023-10-27T05:27:54Z;24;INTERRUPTED
364;1;1;2023-10-27T05:27:24Z;2023-10-27T05:27:24Z;0;STARTED
364;1;1;2023-10-27T05:27:24Z;2023-10-27T05:28:18Z;54;PAUSED
364;1;1;2023-10-27T05:28:18Z;2023-10-27T05:28:43Z;54;CONTINUED
364;1;1;2023-10-27T05:28:43Z;2023-10-27T05:30:01Z;132;PAUSED
364;1;1;2023-10-27T05:30:01Z;2023-10-27T05:30:31Z;132;INTERRUPTED
365;1;2;2023-10-27T05:33:52Z;2023-10-27T05:33:52Z;0;STARTED
365;1;2;2023-10-27T05:33:52Z;2023-10-27T05:36:52Z;180;COMPLETE
366;1;0;2023-10-27T09:43:47Z;2023-10-27T09:43:47Z;0;STARTED
366;1;0;2023-10-27T09:43:47Z;2023-10-27T09:43:54Z;7;PAUSED
366;1;0;2023-10-27T09:43:54Z;2023-10-27T09:44:23Z;7;CONTINUED
366;1;0;2023-10-27T09:44:23Z;2023-10-27T09:44:43Z;27;PAUSED
366;1;0;2023-10-27T09:44:43Z;2023-10-27T09:45:11Z;27;CONTINUED
366;1;0;2023-10-27T09:45:11Z;2023-10-27T09:45:23Z;39;PAUSED
366;1;0;2023-10-27T09:45:23Z;2023-10-27T09:45:46Z;39;CONTINUED
366;1;0;2023-10-27T09:45:46Z;2023-10-27T09:46:16Z;39;INTERRUPTED
367;1;1;2023-10-27T09:52:10Z;2023-10-27T09:52:10Z;0;STARTED
367;1;1;2023-10-27T09:52:10Z;2023-10-27T09:52:15Z;5;PAUSED
367;1;1;2023-10-27T09:52:15Z;2023-10-27T09:52:23Z;5;CONTINUED
367;1;1;2023-10-27T09:52:23Z;2023-10-27T09:52:53Z;5;INTERRUPTED
368;1;0;2023-10-27T09:54:50Z;2023-10-27T09:54:50Z;0;STARTED
368;1;0;2023-10-27T09:54:50Z;2023-10-27T09:56:10Z;80;PAUSED
368;1;0;2023-10-27T09:56:10Z;2023-10-27T09:56:40Z;80;INTERRUPTED
369;1;0;2023-10-27T09:56:10Z;2023-10-27T09:56:10Z;0;STARTED
369;1;0;2023-10-27T09:56:10Z;2023-10-27T09:56:19Z;9;PAUSED
369;1;0;2023-10-27T09:56:19Z;2023-10-27T09:56:28Z;9;CONTINUED
369;1;0;2023-10-27T09:56:28Z;2023-10-27T09:57:16Z;57;PAUSED
369;1;0;2023-10-27T09:57:16Z;2023-10-27T09:57:46Z;57;CONTINUED
369;1;0;2023-10-27T09:57:46Z;2023-10-27T09:58:16Z;57;INTERRUPTED
370;1;0;2023-10-27T09:59:35Z;2023-10-27T09:59:35Z;0;STARTED
370;1;0;2023-10-27T09:59:35Z;2023-10-27T10:02:35Z;180;COMPLETE
371;1;1;2023-10-27T10:08:27Z;2023-10-27T10:08:27Z;0;STARTED
371;1;1;2023-10-27T10:08:27Z;2023-10-27T10:11:30Z;183;COMPLETE
372;1;2;2023-10-27T10:17:28Z;2023-10-27T10:17:28Z;0;STARTED
372;1;2;2023-10-27T10:17:28Z;2023-10-27T10:20:38Z;190;COMPLETE
